Season,Team,PTS,FGM,FGA,FG%,3PM,3PA,3P%,FTM,FTA,FT%,OREB
2019-20,Atlanta Hawks,111.8,40.6,90.6,44.9,12,36.1,33.3,18.5,23.4,79,9.9
2019-20,Boston Celtics,113.7,41.3,89.6,46.1,12.6,34.5,36.4,18.6,23.2,80.1,10.7
2019-20,Brooklyn Nets,111.8,40.4,90.3,44.8,13.1,38.1,34.3,17.9,24.1,74.5,10.6
2019-20,Charlotte Hornets,102.9,37.3,85.9,43.4,12.1,34.3,35.2,16.2,21.6,74.8,11
2019-20,Chicago Bulls,106.8,39.6,88.6,44.7,12.2,35.1,34.8,15.5,20.5,75.5,10.5
2019-20,Cleveland Cavaliers,106.9,40.3,87.9,45.8,11.2,31.8,35.1,15.1,19.9,75.8,10.8
2019-20,Dallas Mavericks,117,41.7,90.3,46.1,15.1,41.3,36.7,18.6,23.8,77.9,10.5
2019-20,Denver Nuggets,111.3,42,88.9,47.3,11,30.6,35.9,16.2,20.9,77.7,10.8
2019-20,Detroit Pistons,107.2,39.3,85.7,45.9,12,32.7,36.7,16.6,22.4,74.3,9.8
2019-20,Golden State Warriors,106.3,38.6,88.2,43.8,10.4,31.3,33.4,18.7,23.2,80.3,10
2019-20,Houston Rockets,117.8,40.8,90.4,45.1,15.6,45.3,34.5,20.6,26.1,79.1,9.8
2019-20,Indiana Pacers,109.4,42.1,88.5,47.6,10.2,28,36.3,15,19.1,78.7,8.7
2019-20,LA Clippers,116.3,41.6,89.2,46.6,12.4,33.5,37.1,20.8,26.3,79.1,10.7
2019-20,Los Angeles Lakers,113.4,42.3,88.3,48,11,31.6,34.9,17.7,24.3,72.9,10.7
2019-20,Memphis Grizzlies,112.6,42.5,90.9,46.8,10.9,31.5,34.7,16.6,21.8,76.3,10.3
2019-20,Miami Heat,112,39.5,84.4,46.8,13.4,35.4,37.9,19.7,25.2,78.3,8.5
2019-20,Milwaukee Bucks,118.7,43.3,90.9,47.6,13.8,38.9,35.5,18.3,24.7,74.2,9.5
2019-20,Minnesota Timberwolves,113.3,40.4,91.6,44.1,13.3,39.7,33.6,19.1,25.4,75.3,10.5
2019-20,New Orleans Pelicans,115.8,42.6,91.6,46.5,13.6,36.9,37,17.1,23.4,72.9,11.1
2019-20,New York Knicks,105.8,40,89.3,44.7,9.6,28.4,33.7,16.3,23.5,69.4,12
2019-20,Oklahoma City Thunder,110.4,40,85.5,46.8,10.7,30.2,35.5,19.8,24.8,79.6,8.2
2019-20,Orlando Magic,107.3,39.3,88.6,44.4,11.1,32.2,34.3,17.6,22.7,77.4,10.3
2019-20,Philadelphia 76ers,110.7,41.1,87.9,46.8,11.6,31.6,36.8,16.9,22.4,75.5,10.5
2019-20,Phoenix Suns,113.6,41.2,88.1,46.8,11.4,31.8,35.8,19.9,23.8,83.4,9.8
2019-20,Portland Trail Blazers,115,42.2,91.2,46.3,12.9,34.1,37.7,17.7,22.1,80.4,10.2
2019-20,Sacramento Kings,110.1,40.9,88.4,46.2,12.7,34.9,36.4,15.7,20.3,77,9.7
2019-20,San Antonio Spurs,114.1,42.2,89.4,47.2,10.7,28.5,37.6,19,23.4,81,9
2019-20,Toronto Raptors,112.8,40.2,87.9,45.8,13.8,37,37.4,18.5,23.2,79.6,9.5
2019-20,Utah Jazz,111.3,40.1,85.1,47.1,13.4,35.2,38,17.8,22.8,77.9,9.1
2019-20,Washington Wizards,114.4,41.5,90.9,45.7,12,32.6,36.8,19.4,24.6,78.8,10.2
2018-19,Washington Wizards,114,42.1,90.1,46.8,11.3,33.3,34.1,18.4,23.9,76.8,9.7
2018-19,Utah Jazz,111.7,40.4,86.4,46.8,12.1,34,35.6,18.8,25.5,73.6,10
2018-19,Toronto Raptors,114.4,42.2,89.1,47.4,12.4,33.8,36.6,17.7,22,80.4,9.6
2018-19,San Antonio Spurs,111.7,42.3,88.4,47.8,9.9,25.3,39.2,17.2,21,81.9,9.2
2018-19,Sacramento Kings,114.2,43.2,93.1,46.4,11.3,29.9,37.8,16.5,22.7,72.6,11
2018-19,Portland Trail Blazers,114.7,42.3,90.6,46.7,11,30.7,35.9,19,23.3,81.4,11.8
2018-19,Phoenix Suns,107.5,40.1,87.4,45.9,9.6,29.3,32.9,17.6,22.7,77.9,9.1
2018-19,Philadelphia 76ers,115.2,41.5,88.2,47.1,10.8,30.2,35.9,21.2,27.5,77.1,10.9
2018-19,Orlando Magic,107.3,40.4,89.1,45.4,11.4,32.1,35.6,15,19.2,78.2,10
2018-19,Oklahoma City Thunder,114.5,42.6,94,45.4,11.4,32.6,34.8,17.8,25,71.3,12.6
2018-19,New York Knicks,104.6,38.2,88.3,43.3,10,29.5,34,18.1,23.9,75.9,10.5
2018-19,New Orleans Pelicans,115.4,43.7,92.2,47.3,10.3,29.9,34.4,17.8,23.4,76.1,11.1
2018-19,Minnesota Timberwolves,112.5,41.6,91.3,45.6,10.1,28.7,35.1,19.1,24.3,78.7,11.3
2018-19,Milwaukee Bucks,118.1,43.4,91.1,47.6,13.5,38.2,35.3,17.9,23.2,77.3,9.3
2018-19,Miami Heat,105.7,39.6,88,45,11.3,32.4,34.9,15.1,21.7,69.5,11.2
2018-19,Memphis Grizzlies,103.5,38,84.4,45,9.9,28.9,34.2,17.7,23,77.2,8.8
2018-19,Los Angeles Lakers,111.8,42.6,90.5,47,10.3,31,33.3,16.3,23.3,69.9,10.2
2018-19,LA Clippers,115.1,41.3,87.5,47.1,10,25.8,38.8,22.6,28.5,79.2,9.7
2018-19,Indiana Pacers,108,41.3,87,47.5,9.5,25.4,37.4,15.8,21.1,75.2,9.3
2018-19,Houston Rockets,113.9,39.2,87.4,44.9,16.1,45.4,35.6,19.3,24.4,79.1,10.2
2018-19,Golden State Warriors,117.7,44,89.8,49.1,13.3,34.4,38.5,16.3,20.4,80.1,9.7
2018-19,Detroit Pistons,107,38.8,88.3,44,12.1,34.8,34.8,17.3,23.1,74.7,11.4
2018-19,Denver Nuggets,110.7,41.9,90,46.6,11,31.4,35.1,15.8,20.9,75.5,11.9
2018-19,Dallas Mavericks,108.9,38.8,86.9,44.7,12.5,36.6,34,18.8,25.3,74.2,10.1
2018-19,Cleveland Cavaliers,104.5,38.9,87.6,44.4,10.3,29.1,35.5,16.4,20.7,79.2,10.7
2018-19,Chicago Bulls,104.9,39.8,87.9,45.3,9.1,25.9,35.1,16.2,20.7,78.3,8.8
2018-19,Charlotte Hornets,110.7,40.2,89.8,44.8,11.9,33.9,35.1,18.4,23.1,79.7,9.9
2018-19,Brooklyn Nets,112.2,40.3,89.7,44.9,12.8,36.2,35.3,19,25.5,74.5,11
2018-19,Boston Celtics,112.4,42.1,90.5,46.5,12.6,34.5,36.5,15.6,19.5,80.2,9.8
2018-19,Atlanta Hawks,113.3,41.4,91.8,45.1,13,37,35.2,17.6,23.4,75.2,11.6
2017-18,Atlanta Hawks,103.4,38.2,85.5,44.6,11.2,31,36,15.8,20.2,78.5,9.1
2017-18,Boston Celtics,104,38.3,85.1,45,11.5,30.4,37.7,16,20.7,77.1,9.4
2017-18,Brooklyn Nets,106.6,38.2,86.8,44.1,12.7,35.7,35.6,17.4,22.6,77.2,9.7
2017-18,Charlotte Hornets,108.2,39,86.7,45,10,27.2,36.9,20.2,27,74.7,10.1
2017-18,Chicago Bulls,102.9,38.7,88.8,43.5,11,31.1,35.5,14.6,19.2,75.9,9.6
2017-18,Cleveland Cavaliers,110.9,40.4,84.8,47.6,12,32.1,37.2,18.1,23.3,77.9,8.5
2017-18,Dallas Mavericks,102.3,38.1,85.9,44.4,11.8,32.8,36,14.2,18.7,76.3,8.1
2017-18,Denver Nuggets,110,40.7,86.6,47,11.5,30.9,37.1,17.1,22.3,76.7,11
2017-18,Detroit Pistons,103.8,39.1,86.9,45,10.8,28.9,37.3,14.7,19.8,74.5,10.1
2017-18,Golden State Warriors,113.5,42.8,85.1,50.3,11.3,28.9,39.1,16.6,20.3,81.5,8.4
2017-18,Houston Rockets,112.4,38.7,84.2,46,15.3,42.3,36.2,19.6,25.1,78.1,9
2017-18,Indiana Pacers,105.6,40.8,86.4,47.2,9,24.5,36.9,14.9,19.2,77.9,9.6
2017-18,LA Clippers,109,40.3,85.4,47.1,9.5,26.8,35.4,19,25.5,74.3,10.1
2017-18,Los Angeles Lakers,108.1,40.7,88.4,46.1,10,29.1,34.5,16.6,23.3,71.4,10.7
2017-18,Memphis Grizzlies,99.3,36.7,82.8,44.4,9.2,26.2,35.2,16.6,21.1,78.6,9.5
2017-18,Miami Heat,103.4,38.8,85.3,45.5,11,30.6,36,14.7,19.5,75.5,9.3
2017-18,Milwaukee Bucks,106.5,39.7,83,47.8,8.8,24.7,35.5,18.3,23.4,78.3,8.4
2017-18,Minnesota Timberwolves,109.5,41,86.1,47.6,8,22.5,35.7,19.4,24.1,80.4,10.3
2017-18,New Orleans Pelicans,111.7,42.7,88.3,48.3,10.2,28.2,36.2,16.1,20.9,77.2,8.7
2017-18,New York Knicks,104.5,40.7,87.7,46.4,8.2,23.3,35.2,14.9,19,78.7,10.5
2017-18,Oklahoma City Thunder,107.9,39.9,88.1,45.3,10.7,30.4,35.4,17.3,24.2,71.6,12.5
2017-18,Orlando Magic,103.4,38.8,85.9,45.2,10.3,29.3,35.1,15.5,20.5,75.7,8.8
2017-18,Philadelphia 76ers,109.8,40.8,86.6,47.2,11,29.8,36.9,17.1,22.8,75.2,10.9
2017-18,Phoenix Suns,103.9,38.5,87.1,44.2,9.3,27.9,33.4,17.7,23.9,74.1,10.3
2017-18,Portland Trail Blazers,105.6,39.3,87,45.2,10.3,28.1,36.6,16.7,20.9,80,10.2
2017-18,Sacramento Kings,98.8,38.8,86.1,45,9,24,37.5,12.3,16.7,73.5,9.5
2017-18,San Antonio Spurs,102.7,39,85.4,45.7,8.5,24.1,35.2,16.1,20.9,77.2,10.4
2017-18,Toronto Raptors,111.7,41.3,87.4,47.2,11.8,33,35.8,17.3,21.8,79.4,9.8
2017-18,Utah Jazz,104.1,38.3,82.9,46.2,10.8,29.6,36.6,16.8,21.5,77.9,9
2017-18,Washington Wizards,106.6,39.9,85.6,46.7,9.9,26.5,37.5,16.8,21.8,77.2,10
2016-17,Washington Wizards,109.2,41.3,87,47.5,9.2,24.8,37.2,17.3,22.1,78.4,10.3
2016-17,Utah Jazz,100.7,37,79.5,46.6,9.6,26,37.2,17.1,22.9,74.7,9.4
2016-17,Toronto Raptors,106.9,39.2,84.4,46.4,8.8,24.3,36.3,19.7,24.7,79.6,10.6
2016-17,San Antonio Spurs,105.3,39.3,83.7,46.9,9.2,23.5,39.1,17.6,22,79.7,10
2016-17,Sacramento Kings,102.8,37.9,82.1,46.1,9,23.9,37.6,18.1,23.3,77.5,8.7
2016-17,Portland Trail Blazers,107.9,39.5,86.1,45.9,10.4,27.7,37.5,18.5,23.7,78,10.1
2016-17,Phoenix Suns,107.7,39.9,88.5,45,7.5,22.6,33.2,20.4,26.3,77.6,11.9
2016-17,Philadelphia 76ers,102.4,37.7,85.3,44.2,10.1,29.8,34,17,22,77.1,9.8
2016-17,Orlando Magic,101.1,38.3,87,44,8.5,26.1,32.8,16,21.4,74.7,9.8
2016-17,Oklahoma City Thunder,106.6,39.5,87.4,45.2,8.4,25.8,32.7,19.2,25.8,74.5,12.2
2016-17,New York Knicks,104.3,39.6,88.5,44.7,8.6,24.7,34.8,16.6,21.1,78.8,12
2016-17,New Orleans Pelicans,104.3,39.1,87,45,9.4,26.8,35,16.7,22.3,75,8.6
2016-17,Minnesota Timberwolves,105.6,39.5,84.4,46.7,7.3,21,34.9,19.3,24.2,79.9,11.4
2016-17,Milwaukee Bucks,103.6,38.8,81.9,47.4,8.8,23.7,37,17.2,22.4,76.8,8.8
2016-17,Miami Heat,103.2,39,85.8,45.5,9.9,27,36.5,15.2,21.6,70.6,10.6
2016-17,Memphis Grizzlies,100.5,36.4,83.6,43.5,9.4,26.5,35.4,18.3,23.4,78.4,10.8
2016-17,Los Angeles Lakers,104.6,39.3,87.4,45,8.9,25.7,34.6,17,22.6,75.4,11.4
2016-17,LA Clippers,108.7,39.5,83.2,47.5,10.3,27.4,37.5,19.3,26,74.5,9
2016-17,Indiana Pacers,105.1,39.3,84.5,46.5,8.6,23,37.6,17.9,22.1,81,9
2016-17,Houston Rockets,115.3,40.3,87.2,46.2,14.4,40.3,35.7,20.3,26.5,76.6,10.9
2016-17,Golden State Warriors,115.9,43.1,87.1,49.5,12,31.2,38.3,17.8,22.6,78.8,9.4
2016-17,Detroit Pistons,101.3,39.9,88.8,44.9,7.7,23.4,33,13.9,19.3,71.9,11.1
2016-17,Denver Nuggets,111.7,41.2,87.7,46.9,10.6,28.8,36.8,18.7,24.2,77.4,11.8
2016-17,Dallas Mavericks,97.9,36.2,82.3,44,10.7,30.2,35.5,14.8,18.5,80.1,7.9
2016-17,Cleveland Cavaliers,110.3,39.9,84.9,47,13,33.9,38.4,17.5,23.3,74.8,9.3
2016-17,Chicago Bulls,102.9,38.6,87.1,44.4,7.6,22.3,34,18,22.5,79.8,12.2
2016-17,Charlotte Hornets,104.9,37.7,85.4,44.2,10,28.6,35.1,19.4,23.8,81.5,8.8
2016-17,Brooklyn Nets,105.8,37.8,85.2,44.4,10.7,31.6,33.8,19.4,24.6,78.8,8.8
2016-17,Boston Celtics,108,38.6,85.1,45.4,12,33.4,35.9,18.7,23.2,80.7,9.1
2016-17,Atlanta Hawks,103.2,38.1,84.4,45.1,8.9,26.1,34.1,18.1,24.9,72.8,10.3
2015-16,Atlanta Hawks,102.8,38.6,84.4,45.8,9.9,28.4,35,15.6,20,78.3,8.3
2015-16,Boston Celtics,105.7,39.2,89.2,43.9,8.7,26.1,33.5,18.5,23.5,78.8,11.6
2015-16,Brooklyn Nets,98.6,38.2,84.4,45.3,6.5,18.4,35.2,15.7,20.7,75.7,10.5
2015-16,Charlotte Hornets,103.4,37,84.4,43.9,10.6,29.4,36.2,18.7,23.7,79,9
2015-16,Chicago Bulls,101.6,38.6,87.4,44.1,7.9,21.4,37.1,16.5,21,78.7,11.1
2015-16,Cleveland Cavaliers,104.3,38.7,84,46,10.7,29.6,36.2,16.3,21.7,74.8,10.6
2015-16,Dallas Mavericks,102.3,37.4,84.1,44.4,9.8,28.6,34.4,17.7,22.3,79.4,9.2
2015-16,Denver Nuggets,101.9,37.7,85.4,44.2,8,23.7,33.8,18.5,24.1,76.6,11.5
2015-16,Detroit Pistons,102,37.9,86.4,43.9,9,26.2,34.5,17.1,25.5,66.8,12.5
2015-16,Golden State Warriors,114.9,42.5,87.3,48.7,13.1,31.6,41.6,16.7,21.8,76.3,10
2015-16,Houston Rockets,106.5,37.7,83.5,45.2,10.7,30.9,34.7,20.4,29.4,69.4,11.3
2015-16,Indiana Pacers,102.2,38.3,85.2,45,8.1,23,35.1,17.4,22.8,76.4,10.3
2015-16,LA Clippers,104.5,38.3,82.4,46.5,9.7,26.7,36.4,18.2,26.2,69.2,8.8
2015-16,Los Angeles Lakers,97.3,35.1,84.8,41.4,7.8,24.6,31.7,19.3,24.7,78.1,10.7
2015-16,Memphis Grizzlies,99.1,36.8,83.6,44,6.1,18.5,33.1,19.3,24.7,78.3,11.2
2015-16,Miami Heat,100,38.4,81.7,47,6.1,18,33.6,17.1,23,74.4,9.8
2015-16,Milwaukee Bucks,99,38.4,82.2,46.7,5.4,15.6,34.5,17,22.7,74.7,10.5
2015-16,Minnesota Timberwolves,102.4,37.7,81.3,46.4,5.5,16.4,33.8,21.4,27,79.2,10
2015-16,New Orleans Pelicans,102.7,38.5,85.9,44.8,8.6,23.8,36,17.3,22.2,77.6,9.5
2015-16,New York Knicks,98.4,36.9,84,43.9,7.4,21.5,34.6,17.2,21.4,80.5,10.4
2015-16,Oklahoma City Thunder,110.2,41.1,86.4,47.6,8.3,23.7,34.9,19.7,25.2,78.2,13.1
2015-16,Orlando Magic,102.1,39.5,86.8,45.5,7.8,22.2,35,15.2,20.1,75.7,10.3
2015-16,Philadelphia 76ers,97.4,36.2,84,43.1,9.3,27.5,33.9,15.7,22.6,69.4,9.5
2015-16,Phoenix Suns,100.9,37.2,85.6,43.5,9,25.8,34.8,17.5,23.2,75.1,11.5
2015-16,Portland Trail Blazers,105.1,38.6,85.9,45,10.5,28.5,37,17.4,23,75.4,11.6
2015-16,Sacramento Kings,106.6,40,86.4,46.4,8,22.4,35.9,18.5,25.5,72.5,10.6
2015-16,San Antonio Spurs,103.5,40.1,82.9,48.4,7,18.5,37.5,16.4,20.4,80.3,9.4
2015-16,Toronto Raptors,102.7,36.7,81.3,45.1,8.6,23.4,37,20.8,26.7,77.7,10.2
2015-16,Utah Jazz,97.7,36.1,80.4,44.9,8.5,23.9,35.5,17.1,23,74.4,10.7
2015-16,Washington Wizards,104.1,39.5,85.8,46,8.6,24.2,35.8,16.5,22.5,73,9.1
2014-15,Atlanta Hawks,102.5,38.1,81.7,46.6,10,26.2,38,16.5,21.2,77.8,8.7
2014-15,Boston Celtics,101.4,38.9,87.9,44.3,8,24.6,32.7,15.4,20.5,75.4,11.1
2014-15,Brooklyn Nets,98,37.4,83,45.1,6.6,19.9,33.1,16.6,22.2,74.8,10.3
2014-15,Charlotte Hornets,94.2,35.5,84.5,42,6.1,19.1,31.8,17,22.8,74.8,10
2014-15,Chicago Bulls,100.8,36.6,82.9,44.2,7.9,22.3,35.3,19.7,25.2,78.3,11.7
2014-15,Cleveland Cavaliers,103.1,37.7,82.2,45.8,10.1,27.5,36.7,17.7,23.6,75.1,11.1
2014-15,Dallas Mavericks,105.2,39.7,85.8,46.3,8.9,25.4,35.2,16.9,22.5,75.2,10.5
2014-15,Denver Nuggets,101.5,37.8,87.3,43.3,8,24.8,32.5,17.8,24.3,73.4,12.3
2014-15,Detroit Pistons,98.5,37.1,85.8,43.2,8.6,24.9,34.4,15.8,22.4,70.3,12.8
2014-15,Golden State Warriors,110,41.6,87,47.8,10.8,27,39.8,16,20.8,76.8,10.4
2014-15,Houston Rockets,103.9,37,83.3,44.4,11.4,32.7,34.8,18.6,26,71.5,11.7
2014-15,Indiana Pacers,97.3,36.6,83.2,43.9,7.5,21.2,35.2,16.7,22.2,75.6,10.4
2014-15,Los Angeles Clippers,106.7,39.4,83.3,47.3,10.1,26.9,37.6,17.9,25.2,71,9.6
2014-15,Los Angeles Lakers,98.5,37.2,85.6,43.5,6.5,18.9,34.4,17.5,23.6,74.1,11.6
2014-15,Memphis Grizzlies,98.3,37.8,82.5,45.8,5.2,15.2,33.9,17.6,22.8,77.3,10.4
2014-15,Miami Heat,94.7,35.2,77.2,45.6,6.8,20.2,33.5,17.5,23.7,74.1,9.1
2014-15,Milwaukee Bucks,97.8,37.6,82,45.9,6.6,18.3,36.3,16,21.1,75.7,10.7
2014-15,Minnesota Timberwolves,97.8,36.4,83.2,43.8,5,14.9,33.2,20,25.7,77.6,11.6
2014-15,New Orleans Pelicans,99.4,37.9,82.9,45.7,7.1,19.3,37,16.4,21.8,75.1,11.5
2014-15,New York Knicks,91.9,35.1,82,42.8,6.8,19.7,34.7,14.8,19.2,76.9,10.6
2014-15,Oklahoma City Thunder,104,38.8,86.8,44.7,7.7,22.7,33.9,18.6,24.6,75.4,12.8
2014-15,Orlando Magic,95.7,37.5,82.8,45.3,6.8,19.5,34.7,13.9,19.1,72.9,10
2014-15,Philadelphia 76ers,92,33.7,82.6,40.8,8.4,26.3,32,16.1,23.8,67.6,11.9
2014-15,Phoenix Suns,102.4,38.8,85.8,45.2,8.5,25,34.1,16.4,21.5,76,10.9
2014-15,Portland Trail Blazers,102.8,38.7,86,45,9.8,27.2,36.2,15.5,19.4,80.1,10.7
2014-15,Sacramento Kings,101.3,36.7,80.7,45.5,5.6,16.5,34.1,22.3,29.3,76.2,10.9
2014-15,San Antonio Spurs,103.2,39.1,83.6,46.8,8.3,22.5,36.7,16.7,21.4,78,9.8
2014-15,Toronto Raptors,104,37.9,83.3,45.5,8.9,25.1,35.2,19.3,24.6,78.7,10.7
2014-15,Utah Jazz,95.1,35.4,79.2,44.7,7.4,21.7,34.3,17,23.5,72.1,12
2014-15,Washington Wizards,98.5,38.3,82.8,46.2,6.1,16.8,36,15.9,21.4,74.2,10.5
2013-14,Washington Wizards,100.7,38.7,84.4,45.9,7.9,20.8,38,15.3,20.9,73.1,10.8
2013-14,Utah Jazz,95,36,81.1,44.4,6.6,19.2,34.4,16.4,22,74.7,11
2013-14,Toronto Raptors,101.3,36.5,81.9,44.5,8.7,23.4,37.2,19.6,25.1,78.2,11.4
2013-14,San Antonio Spurs,105.4,40.6,83.5,48.6,8.5,21.4,39.7,15.7,20,78.5,9.3
2013-14,Sacramento Kings,100.5,36.9,82.5,44.7,6,18,33.3,20.7,27.3,75.9,12.1
2013-14,Portland Trail Blazers,106.7,39.1,87,45,9.4,25.3,37.2,19.1,23.5,81.5,12.5
2013-14,Phoenix Suns,105.2,38.7,83.5,46.3,9.3,25.1,37.2,18.5,24.4,75.8,11.3
2013-14,Philadelphia 76ers,99.5,37.9,87.2,43.5,7,22.5,31.2,16.6,23.4,71,11.6
2013-14,Orlando Magic,96.5,36.9,82.7,44.5,6.9,19.5,35.3,15.9,20.9,76.3,9.7
2013-14,Oklahoma City Thunder,106.2,39,82.7,47.1,8.1,22.4,36.1,20.2,25,80.6,10.8
2013-14,New York Knicks,98.6,36.9,82.2,44.9,9.3,24.9,37.2,15.5,20.4,76.1,10.6
2013-14,New Orleans Pelicans,99.7,37.8,82.5,45.9,5.9,15.9,37.3,18.2,23.6,76.9,11.4
2013-14,Minnesota Timberwolves,106.9,38.9,87.5,44.4,7.3,21.4,34.1,21.8,28.1,77.8,12.5
2013-14,Milwaukee Bucks,95.5,36,82.2,43.8,6.7,18.9,35.3,16.8,22.5,74.7,11.8
2013-14,Miami Heat,102.2,38.3,76.5,50.1,8.1,22.3,36.4,17.5,23,76,7.6
2013-14,Memphis Grizzlies,96.1,38.1,82,46.4,4.9,14,35.3,15.1,20.3,74.1,11.6
2013-14,Los Angeles Lakers,103,38.3,85.1,45,9.4,24.8,38.1,17,22.4,75.7,9.1
2013-14,Los Angeles Clippers,107.9,39.1,82.5,47.4,8.5,24,35.2,21.2,29.1,73,10.5
2013-14,Indiana Pacers,96.7,36,80.2,44.9,6.7,18.8,35.7,18.1,23.3,77.9,10.2
2013-14,Houston Rockets,107.7,38,80.5,47.2,9.5,26.6,35.8,22.1,31.1,71.2,11.2
2013-14,Golden State Warriors,104.3,39.5,85.4,46.2,9.4,24.8,38,15.9,21.1,75.3,10.9
2013-14,Detroit Pistons,101,38.8,86.9,44.7,6.2,19.3,32.1,17.3,25.7,67,14.6
2013-14,Denver Nuggets,104.4,38.4,85.9,44.7,8.6,23.9,35.8,19.1,26.3,72.6,12.3
2013-14,Dallas Mavericks,104.8,39.6,83.6,47.4,8.8,22.9,38.4,16.8,21.1,79.5,10.2
2013-14,Cleveland Cavaliers,98.2,37,84.8,43.7,7.1,20,35.6,17,22.7,75.1,12.1
2013-14,Chicago Bulls,93.7,34.7,80.2,43.2,6.2,17.8,34.8,18.1,23.3,77.9,11.4
2013-14,Charlotte Bobcats,96.9,36.3,82.1,44.2,6.3,17.9,35.1,18,24.4,73.7,9.5
2013-14,Brooklyn Nets,98.5,35.7,77.9,45.9,8.6,23.4,36.9,18.4,24.4,75.3,8.8
2013-14,Boston Celtics,96.2,36.5,83.9,43.5,7,21.1,33.3,16.2,20.8,77.7,12
2013-14,Atlanta Hawks,101,37.3,81.6,45.8,9.4,25.8,36.3,17,21.7,78.1,8.7
2012-13,Atlanta Hawks,98,37.6,81,46.4,8.6,23.2,37.1,14.1,19.7,71.5,9.2
2012-13,Boston Celtics,96.5,37,79.7,46.5,6.1,17.2,35.8,16.3,21,77.6,8.1
2012-13,Brooklyn Nets,96.9,35.9,79.8,45,7.7,21.5,35.7,17.5,23.9,73.1,12.8
2012-13,Charlotte Bobcats,93.4,34.4,81.1,42.5,5.7,17.1,33.5,18.9,25.1,75,11.2
2012-13,Chicago Bulls,93.2,35.7,81.7,43.7,5.4,15.4,35.3,16.4,21.2,77.3,12.5
2012-13,Cleveland Cavaliers,96.5,36.5,84.2,43.4,6.7,19.3,34.6,16.8,22.3,75.6,12.2
2012-13,Dallas Mavericks,101.1,38.8,84,46.2,7.4,19.9,37.2,16.1,20.4,79.3,9.4
2012-13,Denver Nuggets,106.1,40.7,85.2,47.8,6.4,18.5,34.3,18.4,26.2,70.1,13.3
2012-13,Detroit Pistons,94.9,36.3,81,44.9,6.3,17.6,35.6,15.9,22.8,69.9,12.1
2012-13,Golden State Warriors,101.2,38.2,83.4,45.8,8,19.9,40.3,16.8,21.3,79,10.8
2012-13,Houston Rockets,106,38.1,82.7,46.1,10.6,28.9,36.6,19.2,25.5,75.4,11.1
2012-13,Indiana Pacers,94.7,35.1,80.6,43.6,6.9,19.7,34.7,17.6,23.6,74.6,12.9
2012-13,Los Angeles Clippers,101.1,38.5,80.6,47.8,7.6,21.4,35.8,16.4,23,71.1,11.4
2012-13,Los Angeles Lakers,102.2,37.1,81,45.8,8.7,24.6,35.5,19.3,27.9,69.2,11.5
2012-13,Memphis Grizzlies,93.4,36.1,81.5,44.4,4.7,13.5,34.5,16.5,21.3,77.3,12.9
2012-13,Miami Heat,102.9,38.4,77.4,49.6,8.7,22.1,39.6,17.4,23,75.4,8.2
2012-13,Milwaukee Bucks,98.9,38.1,87.8,43.5,7.3,20.4,36,15.3,20.7,73.6,13
2012-13,Minnesota Timberwolves,95.7,35.9,81.7,43.9,5.5,18,30.5,18.5,24.9,74.2,11.9
2012-13,New Orleans Hornets,94.1,36,80.4,44.8,6.5,18,36.3,15.5,20,77.6,12
2012-13,New York Knicks,100,36.5,81.6,44.8,10.9,28.9,37.6,16,21.1,75.9,10.9
2012-13,Oklahoma City Thunder,105.7,38.1,79.3,48.1,7.3,19.4,37.7,22.2,26.8,82.8,10.4
2012-13,Orlando Magic,94.1,37.7,84.2,44.8,6.2,18.7,32.9,12.5,16.6,75.5,10.9
2012-13,Philadelphia 76ers,93.2,37.3,84.1,44.4,6.3,17.5,36,12.2,16.8,72.9,10.9
2012-13,Phoenix Suns,95.2,37.3,84.4,44.3,5.9,17.7,33,14.7,19.7,74.4,11.7
2012-13,Portland Trail Blazers,97.5,36.7,81.9,44.8,8.2,23.2,35.3,15.9,20.5,77.6,10.7
2012-13,Sacramento Kings,100.2,37.6,84.2,44.7,7.4,20.5,36.3,17.5,22.8,76.9,11.5
2012-13,San Antonio Spurs,103,39.1,81.4,48.1,8.1,21.5,37.6,16.6,21,79.1,8.1
2012-13,Toronto Raptors,97.2,36.3,81.5,44.6,7,20.3,34.3,17.6,22.3,78.8,10.6
2012-13,Utah Jazz,98,37.1,81.8,45.4,6.2,16.9,36.6,17.5,23,76.4,12.1
2012-13,Washington Wizards,93.2,35.5,81.6,43.5,6.6,18.2,36.5,15.6,21.3,73.3,10.8
2011-12,Washington Wizards,93.6,36.6,83,44.1,5.2,16.3,32,15.3,21,72.7,11.7
2011-12,Utah Jazz,99.7,38.2,83.8,45.6,4.1,12.8,32.3,19.1,25.3,75.4,13
2011-12,Toronto Raptors,90.7,34.4,78.1,44,5.5,16.3,34,16.4,21.4,77,10.6
2011-12,San Antonio Spurs,103.7,39.6,82.8,47.8,8.4,21.3,39.3,16.2,21.6,74.8,10.3
2011-12,Sacramento Kings,98.8,37.7,86.5,43.6,6.2,19.7,31.6,17.1,23.2,73.6,13.4
2011-12,Portland Trail Blazers,97.2,36.4,82.1,44.3,7.2,20.9,34.6,17.2,21.6,79.6,11.1
2011-12,Phoenix Suns,98.4,37.8,82.5,45.8,6.7,19.6,34.3,16,21.2,75.7,10.9
2011-12,Philadelphia 76ers,93.6,37.4,83.6,44.8,5.3,14.6,36.2,13.5,18.2,74.2,10.7
2011-12,Orlando Magic,94.2,34.5,78.2,44.1,10.2,27,37.5,15.1,22.8,66,11.2
2011-12,Oklahoma City Thunder,103.1,37.3,79.2,47.1,7.2,20,35.8,21.3,26.4,80.6,11
2011-12,New York Knicks,97.8,35.8,80.8,44.3,7.8,23.3,33.6,18.3,24.8,74.1,11.3
2011-12,New Orleans Hornets,89.6,34.8,77.3,45.1,3.9,11.8,33.3,16,21.2,75.7,11
2011-12,New Jersey Nets,93.1,34.3,80.6,42.5,7.7,22.4,34.2,16.9,21.7,77.7,11.9
2011-12,Minnesota Timberwolves,97.9,35.7,82.3,43.3,7.2,21.6,33.2,19.4,25.2,77.1,12.1
2011-12,Milwaukee Bucks,99,37.9,85.6,44.3,6.6,19.2,34.5,16.6,21.4,77.4,12.4
2011-12,Miami Heat,98.5,37.1,79,46.9,5.6,15.6,35.9,18.8,24.2,77.5,10.4
2011-12,Memphis Grizzlies,95,36.7,82.2,44.7,4.2,12.9,32.6,17.3,22.8,75.9,12.6
2011-12,Los Angeles Lakers,97.3,36.8,80.6,45.7,5.5,16.8,32.6,18.2,24.1,75.6,12.1
2011-12,Los Angeles Clippers,97.5,37,81.3,45.5,7.8,21.8,35.7,15.8,23.3,68,12.1
2011-12,Indiana Pacers,97.7,35.7,81.4,43.8,5.9,16.1,36.8,20.4,26.1,78.2,12.5
2011-12,Houston Rockets,98.1,37.7,84,44.9,7.2,20.2,35.9,15.4,19.7,78.2,11.7
2011-12,Golden State Warriors,97.8,37.7,82.5,45.7,7.9,20.5,38.8,14.4,18.7,77,9.7
2011-12,Detroit Pistons,90.9,34.7,79.3,43.8,4.8,13.9,34.6,16.6,22.1,75.2,11.7
2011-12,Denver Nuggets,104.1,39,81.9,47.6,6.6,19.9,33.2,19.6,26.7,73.5,11.2
2011-12,Dallas Mavericks,95.8,36.3,82,44.3,7.5,22.2,33.9,15.6,20.2,77.1,10.1
2011-12,Cleveland Cavaliers,93,34.3,81.2,42.2,6.7,19.3,34.6,17.8,24.9,71.6,12.7
2011-12,Chicago Bulls,96.3,37.4,82.8,45.2,6.3,16.9,37.5,15.2,21.1,72.2,13.9
2011-12,Charlotte Bobcats,87,33.2,80.2,41.4,4,13.5,29.5,16.5,22.2,74.6,10.3
2011-12,Boston Celtics,91.8,35.5,77.1,46,5.5,15,36.7,15.4,19.8,77.8,7.7
2011-12,Atlanta Hawks,96.6,36.8,81,45.4,7.5,20.2,37,15.5,21,74,9.9
2010-11,Washington Wizards,97.3,37.2,84,44.3,4.8,14.4,33.2,18.2,24.4,74.5,12.4
2010-11,Utah Jazz,99.4,37.4,80.4,46.5,5.3,15.3,34.6,19.4,25.1,77.1,11
2010-11,Toronto Raptors,99.1,38.3,82.4,46.5,4.2,13.3,31.6,18.2,24.1,75.5,11.7
2010-11,San Antonio Spurs,103.7,38.4,80.8,47.5,8.4,21.1,39.7,18.5,24.2,76.7,10.1
2010-11,Sacramento Kings,99.4,38.2,85.1,44.9,5.2,15.6,33.5,17.7,24.2,73.4,13.1
2010-11,Portland Trail Blazers,96.3,36,80.5,44.7,6.3,18.3,34.5,18,22.4,80.4,12.1
2010-11,Phoenix Suns,105,39.3,83.5,47,8.5,22.6,37.7,18,23.6,75.9,10
2010-11,Philadelphia 76ers,99,38.1,82.6,46.1,5.4,15.2,35.5,17.4,22.6,77,10.4
2010-11,Orlando Magic,99.2,36,78.2,46.1,9.4,25.6,36.6,17.7,25.6,69.2,10.5
2010-11,Oklahoma City Thunder,104.8,37.4,80.6,46.4,5.9,17.1,34.7,24.1,29.3,82.3,11
2010-11,New York Knicks,106.5,38.3,83.7,45.7,9.3,25.4,36.8,20.6,25.5,80.9,10.3
2010-11,New Orleans Hornets,94.9,35.9,78.2,45.9,5.4,15,36,17.7,23.1,76.5,10
2010-11,New Jersey Nets,94.2,35.6,81,44,5.6,16.3,34.3,17.4,22.9,75.9,11.1
2010-11,Minnesota Timberwolves,101.1,37.7,85.5,44.1,7.2,19.1,37.6,18.5,24.1,76.8,13.2
2010-11,Milwaukee Bucks,91.9,34.3,79.8,43,5.9,17.2,34.2,17.4,22.9,75.7,10.5
2010-11,Miami Heat,102.1,37,76.8,48.1,6.7,18,37,21.5,27.9,76.9,9.6
2010-11,Memphis Grizzlies,99.9,39,82.9,47.1,3.8,11.3,33.4,18.1,24.2,75,11.8
2010-11,Los Angeles Lakers,101.5,38.1,82.4,46.3,6.4,18.1,35.2,18.8,24.1,77.9,12.1
2010-11,Los Angeles Clippers,98.6,36.8,80.4,45.7,6.3,18.5,33.8,18.9,26.7,70.7,11.6
2010-11,Indiana Pacers,99.8,36.6,82.8,44.2,7.1,20.2,35.4,19.4,24.8,78.2,11.1
2010-11,Houston Rockets,105.9,38.7,85.1,45.4,8.3,22.5,36.7,20.3,25.4,80.1,11.7
2010-11,Golden State Warriors,103.4,39.6,85.9,46.1,8.4,21.3,39.2,15.7,20.7,76.1,11.6
2010-11,Detroit Pistons,97,37.3,81.1,46,5.8,15.3,37.6,16.7,22.6,73.7,11.4
2010-11,Denver Nuggets,107.5,38.4,80.6,47.6,8.1,20.8,38.8,22.7,29.6,76.5,9.6
2010-11,Dallas Mavericks,100.2,37.4,78.8,47.5,7.9,21.6,36.5,17.5,22.6,77.7,9.5
2010-11,Cleveland Cavaliers,95.5,35.2,81.1,43.4,6.2,18.2,34.2,18.9,25.3,74.5,10.4
2010-11,Chicago Bulls,98.6,37.1,80.3,46.2,6.2,17.3,36.1,18.2,24.5,74.3,11.8
2010-11,Charlotte Bobcats,93.3,35,77.6,45.1,4.8,14.7,32.7,18.4,24.4,75.6,10.3
2010-11,Boston Celtics,96.5,36.9,75.8,48.6,5,13.6,36.5,17.8,23.1,77,7.8
2010-11,Atlanta Hawks,95,36.2,78.4,46.2,6.1,17.4,35.2,16.4,21.1,77.9,9.3
2009-10,Atlanta Hawks,101.7,38.8,82.9,46.8,6.4,17.7,36,17.7,23.3,75.9,11.8
2009-10,Boston Celtics,99.2,37.1,76.8,48.3,6.1,17.5,34.8,19,25.5,74.6,8.7
2009-10,Charlotte Bobcats,95.3,34.9,76.9,45.3,5.6,16.2,34.6,20,26.6,75.1,10.5
2009-10,Chicago Bulls,97.5,37.6,83.2,45.1,4.3,13,33,18,23.9,75.4,11.4
2009-10,Cleveland Cavaliers,102.1,37.8,77.9,48.5,7.3,19.3,38.1,19.1,26.6,72,9.6
2009-10,Dallas Mavericks,102,38.3,82.4,46.4,6.8,18.3,37.2,18.6,22.8,81.6,10.2
2009-10,Denver Nuggets,106.5,38.1,81.4,46.8,6.6,18.5,35.9,23.6,30.6,77.2,10.8
2009-10,Detroit Pistons,94,35.9,80.5,44.5,4.6,14.5,31.4,17.7,24.4,72.8,12.8
2009-10,Golden State Warriors,108.8,40.6,86.5,46.9,7.7,20.6,37.5,19.9,25.4,78.2,9.2
2009-10,Houston Rockets,102.4,37.7,84.4,44.7,7.9,22.4,35.1,19,24.7,77.2,11.8
2009-10,Indiana Pacers,100.8,36.8,83.2,44.3,8,23.1,34.8,19.1,24.6,77.5,9.6
2009-10,Los Angeles Clippers,95.7,36.6,80.5,45.5,5.9,17.8,33.2,16.6,22.8,73,11.3
2009-10,Los Angeles Lakers,101.7,38.3,83.8,45.7,6.5,19,34.1,18.5,24.2,76.5,11.9
2009-10,Memphis Grizzlies,102.5,39.3,83.8,46.9,4.2,12.4,33.7,19.7,26.9,73.3,13
2009-10,Miami Heat,96.5,36.4,79.5,45.8,6,17.4,34.6,17.7,23.5,75.2,10.7
2009-10,Milwaukee Bucks,97.7,37.2,85.3,43.6,7.9,22.1,35.6,15.4,20.4,75.5,11.8
2009-10,Minnesota Timberwolves,98.2,37.9,84.4,44.9,4.9,14.4,34.1,17.5,23.5,74.6,11.7
2009-10,New Jersey Nets,92.4,34.3,79.9,42.9,4.6,14.5,31.8,19.2,24.6,78,10.9
2009-10,New Orleans Hornets,100.2,38.8,83.4,46.4,7,19.2,36.3,15.8,20.3,77.8,10.4
2009-10,New York Knicks,102.1,38.1,83.9,45.5,9.1,26.2,34.6,16.8,21.5,78.2,10.2
2009-10,Oklahoma City Thunder,101.5,37.4,80.8,46.2,5.1,15,34,21.7,27,80.5,11.7
2009-10,Orlando Magic,102.8,36.6,78,47,10.3,27.3,37.5,19.2,26.5,72.4,9.9
2009-10,Philadelphia 76ers,97.7,37.6,81.8,46,5.8,16.8,34.3,16.7,22,75.6,11.5
2009-10,Phoenix Suns,110.2,40.7,82.8,49.2,8.9,21.6,41.2,19.9,25.8,77,11.1
2009-10,Portland Trail Blazers,98.1,36.3,78.7,46.1,6,16.9,35.4,19.6,24.8,79,11.1
2009-10,Sacramento Kings,100,38.3,84.1,45.6,5.9,16.9,34.9,17.4,24,72.6,11.9
2009-10,San Antonio Spurs,101.4,38.4,81.2,47.3,6.8,18.9,35.8,17.8,24,74,10.8
2009-10,Toronto Raptors,104.1,39,80.9,48.2,6.3,17,37.1,19.7,25.8,76.4,9.8
2009-10,Utah Jazz,104.2,39.4,80.2,49.1,5.4,14.7,36.4,20.2,27.2,74.1,10.6
2009-10,Washington Wizards,96.2,36.7,81.7,44.9,5.3,14.9,35.3,17.6,23.1,76.2,11.8
2008-09,Washington Wizards,96.1,36.5,81.2,45,4.8,14.6,33,18.2,23.8,76.7,11.7
2008-09,Utah Jazz,103.6,38.3,80.8,47.5,4.8,13.7,34.9,22.1,28.7,77.1,11.5
2008-09,Toronto Raptors,99,37.2,81.4,45.8,5.8,15.7,37.2,18.7,22.7,82.4,9.8
2008-09,San Antonio Spurs,97,37.1,79.7,46.6,7.6,19.8,38.6,15.2,20,76.1,8.9
2008-09,Sacramento Kings,100.6,36.5,81.5,44.7,7.1,19.4,36.8,20.5,25.7,79.8,10.2
2008-09,Portland Trail Blazers,99.4,36.8,79.2,46.5,7.3,19,38.3,18.5,24.2,76.5,12.9
2008-09,Phoenix Suns,109.4,41.1,81.6,50.4,6.7,17.6,38.3,20.4,27.5,74.4,11
2008-09,Philadelphia 76ers,97.4,36.5,79.7,45.9,4.2,13.1,31.8,20.1,27,74.5,12.7
2008-09,Orlando Magic,101,35.7,78.2,45.7,10,26.2,38.1,19.6,27.5,71.5,10
2008-09,Oklahoma City Thunder,97,36.6,81.9,44.7,4,11.6,34.6,19.8,25.2,78.6,12.2
2008-09,New York Knicks,105.2,38.5,86.5,44.5,10,27.9,36,18.2,23.2,78.4,11.1
2008-09,New Orleans Hornets,95.8,35.5,77.6,45.7,6.8,18.6,36.4,18,22.4,80.7,9.8
2008-09,New Jersey Nets,98.1,35.7,79.7,44.8,8,21.2,37.6,18.8,24.1,77.9,10.4
2008-09,Minnesota Timberwolves,97.8,36.4,82.5,44.1,6.6,18.8,35.3,18.3,23.9,76.9,11.9
2008-09,Milwaukee Bucks,99.3,36.7,82.4,44.5,6.2,17.2,36.3,19.7,25.2,78,11.9
2008-09,Miami Heat,98.3,37,81,45.7,7.1,19.9,35.7,17.2,22.8,75.4,10.1
2008-09,Memphis Grizzlies,93.9,34.9,77,45.4,4.9,13.5,36,19.1,25.3,75.6,10.3
2008-09,Los Angeles Lakers,106.9,40.3,85.1,47.4,6.7,18.5,36.1,19.6,25.5,77,12.4
2008-09,Los Angeles Clippers,95.1,36,81.7,44.1,6.5,18.5,35.4,16.5,22.4,73.6,10.9
2008-09,Indiana Pacers,105.1,39.3,86.3,45.5,8,21,37.8,18.6,23,80.7,11.3
2008-09,Houston Rockets,98.4,36.1,79.6,45.3,7.6,20.2,37.5,18.7,23.2,80.5,10.5
2008-09,Golden State Warriors,108.6,39.4,86,45.8,6.7,18,37.3,23.1,29.2,79.1,11.6
2008-09,Detroit Pistons,94.2,36.4,80,45.4,4.6,13.2,34.9,16.9,22.5,75.1,11.6
2008-09,Denver Nuggets,104.3,37.3,79.4,47,6.7,18,37.1,23.1,30.3,76,11
2008-09,Dallas Mavericks,101.7,38.1,82.6,46.2,7,19.9,35,18.5,22.6,81.9,11.1
2008-09,Cleveland Cavaliers,100.3,36.9,78.7,46.8,8,20.4,39.3,18.6,24.5,75.7,10.8
2008-09,Chicago Bulls,102.2,38.1,83.5,45.7,6,15.8,38.1,19.9,25,79.6,11.8
2008-09,Charlotte Bobcats,93.6,35,76.8,45.5,6,16.3,36.6,17.7,24,74,10.8
2008-09,Boston Celtics,100.9,37.5,77.2,48.6,6.6,16.5,39.7,19.4,25.3,76.5,10.6
2008-09,Atlanta Hawks,98.1,36,78.7,45.8,7.3,19.9,36.6,18.7,25.4,73.7,10.6
2007-08,Atlanta Hawks,98.2,36.3,79.9,45.4,4.7,13.1,35.6,21,27.2,77.2,12.3
2007-08,Boston Celtics,100.5,36.4,76.7,47.5,7.3,19.1,38.1,20.5,26.5,77.1,10.1
2007-08,Charlotte Bobcats,97.1,36.1,79.9,45.2,6.5,17.6,36.7,18.4,25.8,71.4,10.9
2007-08,Chicago Bulls,97.3,36.4,83.7,43.5,5.8,15.9,36.3,18.7,24.7,75.6,12.8
2007-08,Cleveland Cavaliers,96.4,35.8,81.7,43.9,6.7,18.8,35.8,18,25.1,71.7,13.3
2007-08,Dallas Mavericks,100.4,36.9,79.5,46.4,6,17.1,35.2,20.6,25.3,81.4,10.8
2007-08,Denver Nuggets,110.7,40.3,85.8,47,6.9,19.6,35.5,23.1,30.7,75.1,11.2
2007-08,Detroit Pistons,97.5,36.6,79.9,45.8,5.9,16.2,36.6,18.4,24,76.7,11.9
2007-08,Golden State Warriors,111,41.5,90.3,45.9,9.3,26.6,34.8,18.8,24.9,75.2,12.7
2007-08,Houston Rockets,96.7,36.6,81.7,44.8,7.1,20.8,34.2,16.4,22.5,72.6,12.2
2007-08,Indiana Pacers,104,37.8,85.3,44.4,9.2,24.6,37.4,19.1,24.9,76.8,11
2007-08,Los Angeles Clippers,93.8,34.4,78.6,43.8,4.3,13.2,32.4,20.8,26.6,78.1,9.8
2007-08,Los Angeles Lakers,108.6,39.6,83.1,47.6,8.1,21.4,37.8,21.3,27.7,76.9,11
2007-08,Memphis Grizzlies,100.7,37.3,82.2,45.4,7.6,21.7,34.9,18.5,25.6,72.3,10.3
2007-08,Miami Heat,91.4,34.2,77.3,44.3,6,16.7,35.8,16.9,23.2,72.7,9.1
2007-08,Milwaukee Bucks,97,36.9,82.3,44.9,5.5,16,34.4,17.7,24.1,73.3,12.9
2007-08,Minnesota Timberwolves,95.6,37.5,83.1,45.1,5.4,15.4,35,15.2,20.6,73.6,11.8
2007-08,New Jersey Nets,95.8,34.8,78.7,44.3,6.1,17.4,34.8,20.1,27.3,73.6,11.1
2007-08,New Orleans Hornets,100.9,38.6,82.9,46.6,7.7,19.8,38.9,16,20.8,76.9,11.4
2007-08,New York Knicks,96.9,36.2,82.4,43.9,6,17.7,33.7,18.6,25.5,72.7,12.5
2007-08,Orlando Magic,104.5,37.3,78.6,47.4,9.8,25.3,38.6,20.1,27.9,72.1,9.4
2007-08,Philadelphia 76ers,96.6,37.3,81.1,46,3.7,11.6,31.7,18.4,26.1,70.6,13
2007-08,Phoenix Suns,110.1,41.4,82.7,50,8.5,21.5,39.3,18.9,24.1,78.3,8.8
2007-08,Portland Trail Blazers,95.4,35.8,79.8,44.8,6.6,17.4,37.7,17.2,22.5,76.7,11
2007-08,Sacramento Kings,102.5,37.1,80,46.4,6.2,16.7,37.3,22.1,27.7,79.8,10.1
2007-08,San Antonio Spurs,95.4,35.8,78.3,45.7,7.2,19.6,36.9,16.5,21.6,76.1,9.4
2007-08,Seattle SuperSonics,97.5,38.1,85.8,44.4,3.8,11.5,33.3,17.5,22.8,77,11.8
2007-08,Toronto Raptors,100.2,38.4,82,46.8,7,17.8,39.2,16.4,20.2,81.2,9.6
2007-08,Utah Jazz,106.2,40,80.4,49.7,5,13.4,37.2,21.3,28,75.9,11.5
2007-08,Washington Wizards,98.8,36.4,81.6,44.6,7,19.7,35.6,19,24.3,78.2,12.3
2006-07,Washington Wizards,104.3,37.4,83.2,45,6.8,19.7,34.8,22.6,29.6,76.5,12.2
2006-07,Utah Jazz,101.5,37.4,78.9,47.4,4.3,12.9,33.5,22.3,30,74.3,12.6
2006-07,Toronto Raptors,99.5,37,79.8,46.3,6.5,17.9,36.3,19,24.2,78.8,9.2
2006-07,Seattle SuperSonics,99.1,37.2,80.8,46,6.4,17.7,36.2,18.4,23.3,79.1,11.3
2006-07,San Antonio Spurs,98.5,36.6,77.2,47.4,7.3,19,38.1,18.1,24.1,75.1,9.3
2006-07,Sacramento Kings,101.3,35.9,79.7,45,6.5,18.5,35,23.1,30.2,76.5,9.7
2006-07,Portland Trail Blazers,94.1,35,78,45,5.2,15,34.6,18.8,24.5,76.9,11.3
2006-07,Phoenix Suns,110.2,41.3,83.6,49.4,9.6,24,39.9,18,22.3,80.8,9
2006-07,Philadelphia 76ers,94.9,35.8,78.1,45.8,3.5,10,34.5,20,26,76.7,11
2006-07,Orlando Magic,94.8,35.1,74.3,47.2,4.2,11.7,35.6,20.5,29.2,70.2,11.2
2006-07,New York Knicks,97.5,35.4,77.5,45.7,5.8,16.7,34.6,20.9,29.2,71.5,12.6
2006-07,New Orleans/Oklahoma City Hornets,95.5,36.2,81.4,44.5,5.5,15.3,36.2,17.5,23.7,74,12.5
2006-07,New Jersey Nets,97.6,35.5,77.8,45.7,7.4,20.4,36.3,19.1,26.3,72.7,10
2006-07,Minnesota Timberwolves,96.1,36.5,79.3,46.1,4.7,13.3,35.3,18.3,23.1,79.2,10
2006-07,Milwaukee Bucks,99.7,38.1,81.9,46.5,6.4,18,35.6,17.1,23.4,73.3,11.5
2006-07,Miami Heat,94.6,35.6,76.7,46.4,6.4,18.8,34.3,17,24.6,69,10
2006-07,Memphis Grizzlies,101.6,36.6,78.6,46.5,6.1,16.6,36.7,22.4,29.4,76.1,10.6
2006-07,Los Angeles Lakers,103.3,37.8,81.3,46.6,7.4,21,35.3,20.2,27.1,74.7,10.8
2006-07,Los Angeles Clippers,95.6,35.1,77,45.6,3.8,11,34.8,21.6,27.4,78.8,10.8
2006-07,Indiana Pacers,95.6,35,80,43.8,5.9,16.9,34.6,19.7,25.9,76,12.1
2006-07,Houston Rockets,97,35.4,79.6,44.5,8.6,23.1,37.2,17.5,23.2,75.3,10.7
2006-07,Golden State Warriors,106.5,39.8,86,46.3,8.5,24,35.6,18.5,25.8,71.7,11.5
2006-07,Detroit Pistons,96,35.9,79.1,45.4,5.5,15.9,34.4,18.8,24.2,77.4,11.6
2006-07,Denver Nuggets,105.4,38.6,83,46.5,5.9,17.6,33.6,22.3,29.9,74.6,12.2
2006-07,Dallas Mavericks,100,36.7,78.6,46.7,6.5,17.1,38.1,20.1,24.9,80.5,11.2
2006-07,Cleveland Cavaliers,96.8,36.3,81.2,44.7,6,17.1,35.2,18.1,26,69.6,12.7
2006-07,Chicago Bulls,98.8,37.1,81.3,45.7,5.9,15.1,38.8,18.6,25.4,73.4,12
2006-07,Charlotte Bobcats,96.9,36.1,81,44.6,5.6,15.6,35.7,19.1,26,73.4,11.2
2006-07,Boston Celtics,95.8,34.9,78.7,44.3,5.7,15.6,36.7,20.4,26.6,76.7,11.2
2006-07,Atlanta Hawks,93.7,34.5,77.7,44.4,4.2,12.7,32.9,20.5,26.9,76.1,11.9
2005-06,Atlanta Hawks,97.2,35.9,79.2,45.4,5.2,14.1,36.7,20.2,26.9,75,13
2005-06,Boston Celtics,98,36,77.1,46.7,5.7,15.7,36.2,20.3,26.9,75.5,9.9
2005-06,Charlotte Bobcats,96.9,36.1,83.5,43.3,5.2,15.4,33.9,19.4,26.7,72.9,12.1
2005-06,Chicago Bulls,97.8,36.6,82.2,44.6,6.8,18,37.9,17.7,24,73.8,11
2005-06,Cleveland Cavaliers,97.6,35.5,78.2,45.4,6.1,17.9,33.9,20.6,28.3,72.9,11.7
2005-06,Dallas Mavericks,99.1,36,77.7,46.2,5.1,13.6,37.4,22.2,28.3,78.3,12.6
2005-06,Denver Nuggets,100.3,37.5,81.4,46.1,4.3,13.1,32.5,21,28.2,74.4,11
2005-06,Detroit Pistons,96.8,36.4,80,45.5,6.8,17.7,38.4,17.3,23.8,72.7,11.9
2005-06,Golden State Warriors,98.5,35.8,82.7,43.3,7.6,22.3,34.1,19.2,26.7,71.8,12
2005-06,Houston Rockets,90.1,33,76.2,43.3,5.7,17.2,33.2,18.3,24.1,75.9,10.4
2005-06,Indiana Pacers,93.9,34,76.5,44.4,6.5,18.7,34.9,19.4,26.3,73.7,11
2005-06,Los Angeles Clippers,97.2,36.5,78.6,46.5,3.5,10.3,34.4,20.7,26.1,79.1,10.1
2005-06,Los Angeles Lakers,99.4,36.5,80.6,45.3,6.7,19.3,34.9,19.7,26.5,74.5,11.8
2005-06,Memphis Grizzlies,92.2,33.5,74.7,44.8,7.2,19.2,37.4,18,25.3,71.1,10.2
2005-06,Miami Heat,99.9,37.1,77.5,47.8,6.1,17.6,34.5,19.7,28.2,70,10.5
2005-06,Milwaukee Bucks,97.8,36.3,80.1,45.3,6.2,16.3,38,19,25.8,73.8,11.3
2005-06,Minnesota Timberwolves,91.7,35.2,77.3,45.6,3.8,11.5,32.9,17.5,23.1,75.8,9.9
2005-06,New Jersey Nets,93.8,33.9,77,44,5.8,17.6,33,20.2,26.7,75.8,10
2005-06,New Orleans/Oklahoma City Hornets,92.8,34.5,78.4,44,3.7,10.8,33.9,20.1,26.5,75.8,11.2
2005-06,New York Knicks,95.6,34.4,75.7,45.5,3.9,10.8,36.2,22.9,31.5,72.6,12.6
2005-06,Orlando Magic,94.9,35.5,75.2,47.2,3.6,9.7,37.6,20.3,27.8,73,10.9
2005-06,Philadelphia 76ers,99.4,36.6,79.8,45.8,4.6,12.6,36.4,21.6,28.4,76,10.6
2005-06,Phoenix Suns,108.4,41.8,87.4,47.9,10.2,25.6,39.9,14.5,18,80.6,9.5
2005-06,Portland Trail Blazers,88.8,34,76.4,44.5,4.4,12.7,34.9,16.3,23.7,68.9,10.8
2005-06,Sacramento Kings,98.9,36,79.3,45.4,6,17.2,35.1,20.8,26.5,78.4,10.4
2005-06,San Antonio Spurs,95.6,36.5,77.3,47.2,6.4,16.6,38.5,16.2,23.1,70.2,10.4
2005-06,Seattle SuperSonics,102.6,37.5,81.8,45.9,7.4,19.9,37.1,20.1,25.7,78.5,12.4
2005-06,Toronto Raptors,101.1,36.7,81,45.4,7.4,19.8,37.5,20.2,25.5,79.1,10.5
2005-06,Utah Jazz,92.4,33.5,75.7,44.2,3.8,11.3,33.6,21.6,30.1,71.9,13.1
2005-06,Washington Wizards,101.7,36.3,81.2,44.7,6.1,17,35.7,23,30.4,75.7,12.6
2004-05,Washington Wizards,100.5,36.2,82.9,43.7,6.3,18.3,34.3,21.9,30.2,72.5,13.8
2004-05,Utah Jazz,93,34.5,76.8,44.9,3,9.3,32.8,21,27.7,75.7,12.8
2004-05,Toronto Raptors,99.7,36,81.2,44.4,7.9,20.5,38.5,19.8,25.6,77.4,10.3
2004-05,Seattle SuperSonics,98.9,35.1,79.2,44.4,8.1,22.2,36.5,20.5,26,79,12.7
2004-05,San Antonio Spurs,96.2,35.6,78.7,45.3,6.2,17,36.3,18.7,25.9,72.4,12
2004-05,Sacramento Kings,103.7,39.1,85.1,45.9,6.4,17,37.4,19.2,24.4,78.7,12.5
2004-05,Portland Trail Blazers,92.9,35.3,78.3,45.1,5.1,14.2,36.2,17.2,23.7,72.5,11.8
2004-05,Phoenix Suns,110.4,40.9,85.6,47.7,9.7,24.7,39.3,19,25.4,74.8,11.8
2004-05,Philadelphia 76ers,99.1,35.9,82.1,43.7,6.2,17.7,34.8,21.1,26.8,78.9,11.1
2004-05,Orlando Magic,99.5,37,81.5,45.4,3.9,11.2,34.9,21.6,28.5,75.9,12.7
2004-05,New York Knicks,97.3,36.3,80.5,45.1,5.4,15.1,35.6,19.3,25.1,76.7,11.8
2004-05,New Orleans Hornets,88.4,33.1,80,41.5,5.1,16,31.5,17.1,22.3,76.6,12.4
2004-05,New Jersey Nets,91.4,33.6,78.3,42.9,5.3,14.7,36.2,19,24.9,76.3,10.4
2004-05,Minnesota Timberwolves,96.8,37.1,80.8,45.9,4.8,14,34.5,17.7,22.2,79.6,11.5
2004-05,Milwaukee Bucks,97.2,36.1,80.2,45,4,11.3,35.1,21,27.2,77.2,12
2004-05,Miami Heat,101.5,37.8,77.7,48.6,5.8,15.4,37.7,20.2,30.1,67.2,10.8
2004-05,Memphis Grizzlies,93.4,34.2,76.5,44.7,6.5,18.1,35.7,18.6,24.7,75.4,10.8
2004-05,Los Angeles Lakers,98.7,35.3,80.8,43.7,7.9,22.1,35.5,20.3,26.1,77.7,12.5
2004-05,Los Angeles Clippers,95.7,35.7,77.7,45.9,2.8,8.2,34.5,21.6,27.7,77.8,12
2004-05,Indiana Pacers,93,32.5,75.2,43.2,6.6,19.2,34.4,21.3,26.9,79.2,10.6
2004-05,Houston Rockets,95.1,34.7,78.3,44.3,6.7,18.5,36.4,18.9,24.2,78.1,10.7
2004-05,Golden State Warriors,98.7,36.9,85.8,43,7.6,21.6,35.2,17.2,23.8,72.2,13
2004-05,Detroit Pistons,93.3,34.8,78.3,44.4,4.4,12.8,34.5,19.4,26.2,73.9,12.9
2004-05,Denver Nuggets,99.5,37,80.7,45.9,3.9,11.5,34,21.5,28.2,76.3,11.8
2004-05,Dallas Mavericks,102.5,37.3,81.6,45.7,5.6,15.5,36.4,22.3,28.2,78.9,12.1
2004-05,Cleveland Cavaliers,96.5,36.5,81.5,44.7,3.7,11,33.2,19.9,26.5,75.2,13.6
2004-05,Chicago Bulls,94.5,34.7,80.4,43.2,6.2,17.5,35.7,18.7,25,75,12.2
2004-05,Charlotte Bobcats,94.3,36.1,83.6,43.2,3.9,10.7,36.3,18.1,25.6,70.9,13.2
2004-05,Boston Celtics,101.3,37.1,79.4,46.8,5.3,15.3,34.9,21.6,28.3,76.4,11.1
2004-05,Atlanta Hawks,92.7,35.9,81.4,44.1,3.7,11.9,31.2,17.3,24.3,71.1,13.4
2003-04,Atlanta Hawks,92.8,34.5,79.6,43.3,5.1,15.2,33.5,18.7,24.1,77.6,12.1
2003-04,Boston Celtics,95.3,34.7,78.2,44.3,6.7,19.5,34.6,19.2,25.5,75,10.4
2003-04,Chicago Bulls,89.7,34.1,82.4,41.4,5.2,15.3,34.2,16.2,22.4,72.5,12.8
2003-04,Cleveland Cavaliers,92.9,35.6,82.4,43.3,3,9.6,31.4,18.6,24.8,75.3,13.6
2003-04,Dallas Mavericks,105.2,40.5,88.2,45.9,6.2,17.8,34.8,18,22.6,79.6,14.3
2003-04,Denver Nuggets,97.2,36.5,82.5,44.3,4,12,33.6,20.2,26.3,76.7,13.2
2003-04,Detroit Pistons,90.1,33.5,77,43.5,4.1,11.8,34.4,19,25.3,75.3,12.4
2003-04,Golden State Warriors,93.3,35.1,79.4,44.2,5.2,15.6,33.4,17.9,24.7,72.5,12.2
2003-04,Houston Rockets,89.8,33.4,75.5,44.2,6.3,17.1,36.6,16.7,21.6,77.3,10.3
2003-04,Indiana Pacers,91.4,33.6,77.1,43.5,5.5,15.6,35.1,18.8,24.6,76.4,11.8
2003-04,Los Angeles Clippers,94.8,34.4,80.2,42.8,4,12.5,32.1,22,28.1,78.5,14
2003-04,Los Angeles Lakers,98.2,36.9,81.4,45.4,4.5,13.6,32.7,19.9,28.7,69.3,12.2
2003-04,Memphis Grizzlies,96.7,36.1,81.2,44.5,5.5,16,34,19,26.1,72.7,12.8
2003-04,Miami Heat,90.3,33.3,78.3,42.5,5.9,16.5,35.7,17.8,23.4,76.2,11.5
2003-04,Milwaukee Bucks,98,36.2,81.1,44.7,4.9,14,35,20.7,26.7,77.5,11.7
2003-04,Minnesota Timberwolves,94.5,37,80.1,46.2,4,10.9,36.3,16.6,21.3,78.1,10.7
2003-04,New Jersey Nets,90.3,34.3,77.7,44.1,4.6,13.7,33.6,17,22.6,75.3,10.5
2003-04,New Orleans Hornets,91.8,33.8,80.5,42,6.5,20.3,31.9,17.7,23.6,75.1,13.3
2003-04,New York Knicks,92,35.1,79.4,44.2,5,13.6,36.4,16.8,21.1,79.3,11.6
2003-04,Orlando Magic,94,35.4,82.5,42.9,5.2,15.2,34.4,18,24.4,73.7,12.2
2003-04,Philadelphia 76ers,88,32.7,76.3,42.8,4.1,12.1,34.2,18.4,24.5,75.3,11.5
2003-04,Phoenix Suns,94.2,36.1,81.4,44.3,5.1,14.7,34.5,17,22.7,74.6,11.3
2003-04,Portland Trail Blazers,90.7,35.3,78.9,44.8,4.6,13.4,34.6,15.4,21.1,73.1,12.7
2003-04,Sacramento Kings,102.8,37.8,81.8,46.2,7.3,18.3,40.1,19.8,24.9,79.5,10.8
2003-04,San Antonio Spurs,91.5,34.7,78.5,44.2,5,13.9,35.8,17.2,25.2,68.1,12.5
2003-04,Seattle SuperSonics,97.1,35.8,80.4,44.6,8.8,23.6,37.3,16.6,21.7,76.5,11.1
2003-04,Toronto Raptors,85.4,32.4,77.4,41.8,5.6,15.8,35.6,15.1,20.1,75,10.1
2003-04,Utah Jazz,88.7,32.8,75.3,43.6,3.1,9.6,32.1,20,26.8,74.6,13.5
2003-04,Washington Wizards,91.8,33.6,80,42.1,5.3,15.5,34.2,19.3,27,71.4,13.6
2002-03,Washington Wizards,91.5,34.3,78,44,3.1,9.9,31.2,19.7,25.3,77.9,11.2
2002-03,Utah Jazz,94.7,35.3,75.5,46.8,2.7,7.8,34.9,21.3,28.6,74.5,12.5
2002-03,Toronto Raptors,90.9,34.7,81.3,42.7,5,14.5,34.3,16.5,22.9,71.8,12.5
2002-03,Seattle SuperSonics,92.1,35.2,80.5,43.7,5.6,15.7,35.3,16.2,21.7,74.4,11.7
2002-03,San Antonio Spurs,95.8,35.5,76.8,46.2,5.5,15.5,35.4,19.4,26.8,72.5,11.5
2002-03,Sacramento Kings,101.7,39.5,85.2,46.4,6,15.7,38.1,16.7,22.3,74.6,11
2002-03,Portland Trail Blazers,95.2,36.4,79.2,46,4.6,14,33,17.7,23.7,74.5,12.1
2002-03,Phoenix Suns,95.5,36.6,82.6,44.3,4.8,14,34.3,17.4,23.5,74.2,12.8
2002-03,Philadelphia 76ers,96.8,36.3,81,44.8,3,9.6,31.1,21.3,27.5,77.5,12.7
2002-03,Orlando Magic,98.5,35.9,82.5,43.6,6.9,19.4,35.7,19.7,25.4,77.7,11.7
2002-03,New York Knicks,95.9,36.2,82,44.1,7.4,19.3,38.3,16.1,19.8,81.5,10.3
2002-03,New Orleans Hornets,93.9,35.5,81.6,43.5,4.9,13.1,37.6,17.9,23.3,76.8,13.4
2002-03,New Jersey Nets,95.4,35.4,80.3,44.1,4.2,12.7,33.2,20.3,26.8,75.7,12.1
2002-03,Minnesota Timberwolves,98.1,38.7,83,46.6,3.6,9.8,36.8,17.1,22.3,77,11.7
2002-03,Milwaukee Bucks,99.5,37.1,81.3,45.7,7.1,18.6,38.3,18.1,23.3,77.6,10.7
2002-03,Miami Heat,85.6,32.8,79.5,41.2,4.2,13.4,31.6,15.8,20.6,76.5,11.6
2002-03,Memphis Grizzlies,97.5,37.2,82.2,45.2,5.7,15.6,36.5,17.4,23.6,73.9,11.5
2002-03,Los Angeles Lakers,100.4,37.7,83.6,45.1,5.9,16.7,35.6,19,26,73.4,13.1
2002-03,Los Angeles Clippers,93.8,34.6,79.1,43.7,4.8,14.4,33.1,19.9,26.5,75,12.3
2002-03,Indiana Pacers,96.8,35.5,80.6,44.1,4.6,13.6,33.9,21.2,27.7,76.6,12.2
2002-03,Houston Rockets,93.8,34.6,78.8,44,5.4,15.5,34.6,19.1,24.9,76.8,12.5
2002-03,Golden State Warriors,102.4,37.3,84.6,44.1,5.2,15.1,34.4,22.6,29,77.8,15.7
2002-03,Detroit Pistons,91.4,32.9,76.5,43,6.5,18.1,35.8,19,24.6,77.1,10.8
2002-03,Denver Nuggets,84.2,32.8,79.8,41.1,2.8,10,27.8,15.8,22.6,69.9,13.6
2002-03,Dallas Mavericks,103,38.5,85.1,45.3,7.8,20.3,38.1,18.1,21.9,82.9,11.1
2002-03,Cleveland Cavaliers,91.4,34.8,82.3,42.2,3.6,10.9,32.7,18.3,24.5,74.7,13.6
2002-03,Chicago Bulls,95,36.5,81.9,44.5,4.3,12.2,35,17.7,24.6,72.2,12
2002-03,Boston Celtics,92.7,32.9,79.4,41.5,8.8,26.3,33.4,18,24.3,74.2,10.4
2002-03,Atlanta Hawks,94.1,34.9,78.5,44.4,4.9,13.9,35.2,19.4,24.5,79.3,11.4
2001-02,Atlanta Hawks,94,35.4,80.6,43.9,5.2,14.6,35.4,18.1,23.7,76.5,11.6
2001-02,Boston Celtics,96.4,34.8,82.1,42.4,8.5,23.7,35.9,18.3,23.9,76.4,10.9
2001-02,Charlotte Hornets,93.9,35.3,80.2,44,4.2,12.1,34.8,19.1,25.7,74.5,12.9
2001-02,Chicago Bulls,89.5,34.3,79.2,43.3,3.7,10.6,34.6,17.2,23.9,72.2,11.3
2001-02,Cleveland Cavaliers,95.3,36,80.3,44.8,4.7,12.5,37.7,18.6,24.1,77.2,11.8
2001-02,Dallas Mavericks,105.2,39,84.5,46.2,7.6,20.1,37.8,19.6,24.3,80.6,11.2
2001-02,Denver Nuggets,92.2,35.5,83.8,42.4,5.2,15.7,32.9,15.9,21.4,74.4,13.6
2001-02,Detroit Pistons,94.3,34.7,76.8,45.2,6.9,18.4,37.6,18,23.8,75.6,9.9
2001-02,Golden State Warriors,97.7,36.6,85.2,42.9,3.9,12.1,32.2,20.6,28.6,72.2,16.3
2001-02,Houston Rockets,92.3,34.6,80.8,42.8,6,18,33.5,17.1,23.1,74.1,12.5
2001-02,Indiana Pacers,96.8,35.8,80.2,44.6,4.9,14.6,33.9,20.3,26.3,77.2,11.3
2001-02,Los Angeles Clippers,95.7,36.2,81.3,44.5,5,14,35.6,18.3,24.7,73.9,13.2
2001-02,Los Angeles Lakers,101.3,38.4,83.4,46.1,6.2,17.5,35.4,18.2,26.1,69.9,12.5
2001-02,Memphis Grizzlies,89.9,34.8,79.7,43.6,4.1,13.4,30.7,16.3,23,70.8,12
2001-02,Miami Heat,87.2,34.2,77.8,43.9,3.8,11,34.7,15.1,20.8,72.4,11
2001-02,Milwaukee Bucks,97.5,37.1,80.2,46.2,7.2,19.3,37.5,16.1,21.5,74.8,10.3
2001-02,Minnesota Timberwolves,99.3,38.7,84,46.1,4.8,12.8,37.8,17.1,21.4,79.8,12.9
2001-02,New Jersey Nets,96.2,37.1,83.1,44.6,4.9,14.6,33.8,17.1,23.3,73.5,12.7
2001-02,New York Knicks,91.6,34.4,79.5,43.2,5.8,16.4,35.3,17.1,21.8,78.7,10.7
2001-02,Orlando Magic,100.5,37.6,84,44.8,7.6,20.2,37.3,17.6,23.4,75.4,11.5
2001-02,Philadelphia 76ers,91,34.2,78.5,43.6,2.6,8.7,29.9,20,25.7,77.9,13.3
2001-02,Phoenix Suns,95.1,37.8,84.6,44.7,4.4,13.4,32.7,15.2,19.9,76.7,13.1
2001-02,Portland Trail Blazers,96.6,36.6,81.4,45,5.7,16.1,35.4,17.7,23.2,76.3,13.2
2001-02,Sacramento Kings,104.6,39.8,85.4,46.7,5.2,14.1,36.7,19.7,26.3,75.1,12.4
2001-02,San Antonio Spurs,96.7,35.5,77.6,45.8,5.3,14.8,36.2,20.3,27.4,74.2,11.1
2001-02,Seattle SuperSonics,97.7,38.2,81.5,46.9,6,15.8,37.8,15.4,20.4,75.5,11.8
2001-02,Toronto Raptors,91.4,35.6,82,43.4,4.7,13.5,34.9,15.5,20.9,73.9,13.6
2001-02,Utah Jazz,96,35,77.7,45,3.4,10.3,33.3,22.6,29.6,76.3,13.5
2001-02,Washington Wizards,92.8,35.8,81.3,44.1,3.7,9.6,38.8,17.4,22.8,76.5,12.9
2000-01,Washington Wizards,93.2,34.5,78.7,43.9,3.4,10.3,32.4,20.8,27.4,75.9,12.4
2000-01,Vancouver Grizzlies,91.7,35,79.7,43.9,4,11.5,34.3,17.8,23.1,77,10.9
2000-01,Utah Jazz,97.1,36.1,76.7,47.1,4,10.4,38.1,20.9,27.8,75.2,11.5
2000-01,Toronto Raptors,97.6,37.2,85,43.7,5.2,14.2,36.9,18.1,24.2,74.7,13.6
2000-01,Seattle SuperSonics,97.3,36.9,81.1,45.6,5.7,14.3,39.9,17.7,24.2,73.2,12.2
2000-01,San Antonio Spurs,96.2,35.2,76.4,46.1,5.4,13.3,40.7,20.4,28.5,71.5,11
2000-01,Sacramento Kings,101.7,38.2,85,44.9,5.8,16.5,35.4,19.5,25.3,77.1,12
2000-01,Portland Trail Blazers,95.4,36.6,78.3,46.8,4.5,12.9,34.9,17.6,23.2,76.2,11.7
2000-01,Phoenix Suns,94,35.9,82.4,43.6,4,12.9,31.5,18.2,24.1,75.5,11.8
2000-01,Philadelphia 76ers,94.7,35.4,79.1,44.7,3.2,9.8,32.6,20.7,27.8,74.5,13.1
2000-01,Orlando Magic,97.5,36.7,83.8,43.8,6,16.4,36.4,18,25.2,71.4,13
2000-01,New York Knicks,88.7,33.6,75.6,44.4,4.8,13.6,35.1,16.8,21.1,79.6,9.4
2000-01,New Jersey Nets,92.1,33.9,79.9,42.5,4.4,13.2,33.3,19.9,26.2,75.9,11.1
2000-01,Minnesota Timberwolves,97.3,38.4,83.8,45.8,3.9,11,35.7,16.6,21.2,78.5,12.2
2000-01,Milwaukee Bucks,100.7,38,82.9,45.8,6.9,18.1,37.9,18,22.9,78.7,11.9
2000-01,Miami Heat,88.9,32.9,76.3,43,5.8,16.9,34.5,17.4,22.9,75.9,9.9
2000-01,Los Angeles Lakers,100.6,37.9,81.5,46.5,5.4,15.5,34.4,19.4,28.5,68.3,13.2
2000-01,Los Angeles Clippers,92.5,35.3,78.9,44.8,4.4,13,33.9,17.4,25.1,69.3,11.7
2000-01,Indiana Pacers,92.6,34.5,78.4,44,4.8,14.1,34.2,18.8,24.5,76.6,11.2
2000-01,Houston Rockets,97.2,35.9,79.2,45.3,6.1,17.2,35.7,19.3,25.4,75.8,11.2
2000-01,Golden State Warriors,92.5,35.8,87.5,40.9,3.4,11.8,29.3,17.4,24.7,70.6,16.4
2000-01,Detroit Pistons,95.6,35.6,83.9,42.4,4.7,13.6,35,19.6,27.2,72.1,13.5
2000-01,Denver Nuggets,96.6,36.3,83.9,43.3,6.2,17.6,35.5,17.7,24,73.7,12.7
2000-01,Dallas Mavericks,100.5,37.6,81.9,45.9,6.3,16.5,38.1,18.9,23.8,79.4,10.1
2000-01,Cleveland Cavaliers,92.2,35.2,79.7,44.2,2.7,8,33.4,19,24.9,76.5,12.4
2000-01,Chicago Bulls,87.6,33.2,78.2,42.4,4,11.6,34.6,17.2,23.3,73.9,11.3
2000-01,Charlotte Hornets,91.9,34.1,79.3,43.1,4.1,12,34.6,19.5,26.2,74.5,12.6
2000-01,Boston Celtics,94.6,33.8,79.1,42.8,7.2,19.9,36.3,19.8,26.7,74,10.9
2000-01,Atlanta Hawks,91,35.1,81.3,43.1,4.1,11.4,35.7,16.8,22.1,75.9,12.5
1999-00,Atlanta Hawks,94.3,36.6,83,44.1,3.1,9.9,31.7,18,24.2,74.3,14
1999-00,Boston Celtics,99.3,37.2,83.9,44.4,5.1,15.4,33.1,19.8,26.5,74.5,13.5
1999-00,Charlotte Hornets,98.4,35.8,79.7,44.9,4.1,12.2,33.9,22.7,30,75.8,10.8
1999-00,Chicago Bulls,84.8,31.3,75.4,41.5,4.1,12.6,32.9,18.1,25.5,70.9,12.6
1999-00,Cleveland Cavaliers,97,36.3,82.1,44.2,4.2,11.2,37.3,20.2,26.9,75,12.3
1999-00,Dallas Mavericks,101.4,39,85.9,45.3,6.3,16.2,39.1,17.2,21.4,80.4,11.4
1999-00,Denver Nuggets,99,37.3,84.3,44.2,5.7,17,33.6,18.7,25.8,72.4,13.1
1999-00,Detroit Pistons,103.5,37.1,80.9,45.9,5.4,14.9,35.9,23.9,30.6,78.1,11.2
1999-00,Golden State Warriors,95.5,36.5,87.1,42,4.2,13,32.3,18.3,26.2,69.7,15.9
1999-00,Houston Rockets,99.5,36.6,81.3,45,7.1,19.8,35.8,19.2,26.2,73.3,12.3
1999-00,Indiana Pacers,101.3,37.2,81,45.9,7.1,18.1,39.2,19.9,24.5,81.1,10.3
1999-00,Los Angeles Clippers,92,35.1,82.4,42.6,5.2,15.5,33.9,16.6,22.3,74.6,11.6
1999-00,Los Angeles Lakers,100.8,38.3,83.4,45.9,4.2,12.8,32.9,20.1,28.9,69.6,13.6
1999-00,Miami Heat,94.4,36.3,78.8,46,5.4,14.7,37.1,16.4,22.3,73.6,11.2
1999-00,Milwaukee Bucks,101.2,38.7,83.3,46.5,4.8,13,36.9,19,24.2,78.6,12.4
1999-00,Minnesota Timberwolves,98.5,39.3,84.3,46.7,3,8.7,34.6,16.8,21.6,78,12.4
1999-00,New Jersey Nets,98,36.3,83.9,43.3,5.8,16.8,34.7,19.5,24.9,78.4,12.7
1999-00,New York Knicks,92.1,35.3,77.7,45.5,4.3,11.4,37.5,17.2,22,78.1,9.8
1999-00,Orlando Magic,100.1,38.6,85.5,45.2,3.6,10.6,33.8,19.2,26.1,73.5,14
1999-00,Philadelphia 76ers,94.8,36.5,82.6,44.2,2.5,7.8,32.3,19.2,27.1,70.8,14
1999-00,Phoenix Suns,98.9,37.7,82.6,45.7,5.6,15.2,36.8,17.9,23.6,75.9,12.5
1999-00,Portland Trail Blazers,97.5,36.8,78.4,47,5,13.8,36.1,18.8,24.7,76,11.8
1999-00,Sacramento Kings,105,40,88.9,45,6.5,20.2,32.2,18.5,24.6,75.4,12.9
1999-00,San Antonio Spurs,96.2,36,78,46.2,4,10.8,37.4,20.1,27,74.6,11.3
1999-00,Seattle SuperSonics,99.1,37.9,84.7,44.7,6.7,19.6,33.9,16.6,23.9,69.5,12.7
1999-00,Toronto Raptors,97.2,36.3,83.9,43.3,5.2,14.3,36.3,19.3,25.2,76.5,13.4
1999-00,Utah Jazz,96.5,36.1,77.8,46.4,4,10.4,38.5,20.3,26.2,77.3,11.4
1999-00,Vancouver Grizzlies,93.9,35.3,78.5,44.9,4,11,36.1,19.4,25.1,77.4,12.3
1999-00,Washington Wizards,96.6,36.7,81.5,45.1,4.1,10.9,37.6,19.1,25.7,74.3,13