Season,Team,GP,W,L,MIN,OPP_FGM,OPP_FGA,OPP_FG%,OPP_3PM,OPP_3PA,OPP_3P%,OPP_FTM,OPP_FTA,OPP_FT%,OPP_OREB,OPP_BREB,OPP_REB,OPP_AST,OPP_TOV,OPP_STL,OPP_BLK,OPP_BLKA,OPP_PF,OPP_PFD,OPP_PTS,+/-,
2019-20,Milwaukee Bucks,73,56,17,48.2,38.9,94,41.4,14,39.3,35.5,16.7,21.2,78.7,9.5,36.3,45.8,24.2,14.1,7.4,4.5,5.9,21.7,19.6,108.6,-10.1,
2019-20,Toronto Raptors,72,53,19,48.3,37.8,88.3,42.8,13.1,38.9,33.7,17.8,23.2,76.9,10.9,35.1,46.1,25.6,16.8,7.2,5.5,5,20.4,21.7,106.5,-6.2,
2019-20,Los Angeles Lakers,71,52,19,48.1,39.1,87.1,44.8,11.6,33.4,34.9,17.9,22.9,78.1,9.4,32.9,42.3,23.4,15.9,8.2,3.7,6.6,21.7,20.7,107.6,-5.8,
2019-20,LA Clippers,72,49,23,48.3,39.5,90.2,43.8,12.3,35.6,34.5,18.5,24.5,75.6,10.7,34.6,45.3,23.7,14.1,7.5,4.7,4.7,22.9,22.1,109.9,-6.4,
2019-20,Boston Celtics,72,48,24,48.4,38.4,87.1,44.1,11.8,34.8,34,18.8,24.5,76.7,10.3,34,44.3,22.4,15.2,7.1,5.5,5.6,20.7,21.6,107.3,-6.3,
2019-20,Denver Nuggets,73,46,27,48.6,40,86.5,46.3,12.1,33.9,35.8,17.1,22.5,75.9,10.1,32.6,42.6,25.4,14.3,7.2,4.4,4.6,20.5,20.3,109.2,-2.1,
2019-20,Indiana Pacers,73,45,28,48.3,39.5,88.5,44.6,11.5,33.6,34.1,17,21.6,78.8,10.4,34.9,45.2,23.1,14.7,6.9,4.6,5.2,18.8,19.8,107.5,-2,
2019-20,Houston Rockets,72,44,28,48.3,42.3,91.5,46.2,12.2,35,34.9,18,23.7,76.1,11.2,36.7,47.9,25.3,16.2,8,4.9,5.2,21,21.8,114.8,-3,
2019-20,Miami Heat,73,44,29,48.6,38.8,86.7,44.8,13.1,37.7,34.7,18.4,23.6,78.3,9.2,33.3,42.5,24.6,14,7.5,4.1,4.5,21.7,20.6,109.1,-2.9,
2019-20,Oklahoma City Thunder,72,44,28,48.4,40.8,89.6,45.5,11.3,33.3,34,15.5,19.6,79.5,10.5,34.3,44.8,23,14.2,7,4,4.9,22.8,19.3,108.4,-2,
2019-20,Utah Jazz,72,44,28,48.2,40.7,89.1,45.7,11,31,35.3,16.5,21.5,76.7,9.6,33.1,42.7,21.5,12.3,7.9,4.6,4.1,20.8,20.4,108.8,-2.5,
2019-20,Dallas Mavericks,75,43,32,48.5,41.9,91.6,45.8,12.3,34.9,35.1,16,21,76,10.4,35,45.4,23.9,11.9,7,4.1,4.8,21.3,19.5,112.1,-4.9,
2019-20,Philadelphia 76ers,73,43,30,48.2,39.8,86,46.3,10.4,29.4,35.3,18.4,24.5,75.1,8.6,33.2,41.8,22.8,13.8,7,4,5.3,20.5,20.9,108.4,-2.4,
2019-20,Brooklyn Nets,72,35,37,48.6,41.4,92.9,44.6,12.2,34.8,35,17.4,22.6,76.9,10.6,35.3,45.9,22.6,12.8,7.7,5.3,4.5,21.1,21,112.3,0.6,
2019-20,Portland Trail Blazers,74,35,39,48.2,41.8,91.6,45.6,13.6,35.4,38.3,19.1,24.7,77.1,11.5,35.4,46.9,24.9,12.9,6.8,4.9,6.1,20.1,21.7,116.1,1.1,
2019-20,Memphis Grizzlies,73,34,39,48.1,40.6,90.3,45,12.9,35.3,36.5,19.6,25,78.2,10.4,34.5,44.9,24.8,14.8,8,5.3,5.5,20.2,21.2,113.7,1.1,
2019-20,Phoenix Suns,73,34,39,48.2,41.2,87.4,47.2,11.6,32,36.3,19.3,24.5,78.8,9.1,34.2,43.3,23.6,15.6,7.9,5.5,4,22.6,22,113.4,-0.2,
2019-20,Orlando Magic,73,33,40,48.1,40.4,86.9,46.5,12.2,33.6,36.4,15.3,19.8,77.1,9,35.8,44.9,24.7,14.6,7,4.6,5.4,19.5,18.3,108.3,1,
2019-20,San Antonio Spurs,71,32,39,48.5,42.3,90.2,46.9,13.1,35.1,37.3,17.4,22.5,77.7,9.4,35.9,45.3,25.7,13.2,6.8,4.3,5.5,20.1,19.4,115.2,1.1,
2019-20,Sacramento Kings,72,31,41,48.5,40.3,85.5,47.1,12.4,34.8,35.7,19.2,24.3,79,9.1,34.5,43.5,24.9,15.2,7.7,4.2,4.1,19.5,22.2,112.1,2,
2019-20,New Orleans Pelicans,72,30,42,48.4,42.7,91.8,46.5,12.2,33.9,36.1,19.4,24.7,78.9,10.1,34.7,44.8,24.5,14.5,8.5,4.8,5,21.1,21.2,117.1,1.3,
2019-20,Washington Wizards,72,25,47,48.2,43.1,88.4,48.8,12.4,33.1,37.6,20.4,26.3,77.8,10.5,35.7,46.2,25.2,16.2,7.5,5,4.3,22.2,22.7,119.1,4.7,
2019-20,Charlotte Hornets,65,23,42,48.5,41.7,87.5,47.6,12.4,35.1,35.2,14,18.4,75.8,10.9,35,46,26.6,14.4,8,5,4.1,20.6,18.8,109.6,6.8,
2019-20,Chicago Bulls,65,22,43,48.2,39.5,82.5,47.9,11.2,31.6,35.3,19.7,26,75.9,10.2,35.4,45.5,25.4,18.3,8.2,5.9,4.1,19.2,21.8,109.9,3.1,
2019-20,New York Knicks,66,21,45,48.4,39.9,86,46.3,13.3,34.9,38.1,19.2,25.7,74.9,9.6,34.6,44.2,24.3,13.7,7.2,5,4.7,19.8,22.2,112.3,6.5,
2019-20,Atlanta Hawks,67,20,47,48.6,43.3,90.7,47.8,11.9,32.7,36.3,21.2,27.4,77.2,11.2,35.9,47,25,15,9,6.4,5.1,21,23.1,119.7,8,
2019-20,Detroit Pistons,66,20,46,48.4,41.9,87.3,48,10.7,29.6,36.1,16.2,20.9,77.7,10.1,33.4,43.5,24.6,14,8.2,5.6,4.5,19.8,19.7,110.8,3.6,
2019-20,Cleveland Cavaliers,65,19,46,48.4,43.9,89.4,49.1,12.4,33,37.5,14.7,19.2,76.7,9.7,33.1,42.9,26.1,13,9.4,6.3,3.2,19.6,18.3,114.8,7.9,
2019-20,Minnesota Timberwolves,64,19,45,48.6,43.1,90.4,47.7,11.6,31.9,36.3,19.7,25.2,78.3,10.1,37.2,47.3,24.4,15.5,7.8,5.5,5.7,21.6,21.4,117.5,4.3,
2019-20,Golden State Warriors,65,15,50,48.4,42.2,88.6,47.6,13.5,34.8,38.9,17.1,21.9,78.3,10.2,36.3,46.5,26.1,15.6,8.2,4.9,4.6,20.1,20.1,115,8.7,
2018-19,Atlanta Hawks,82,29,53,48.4,42.8,90.5,47.3,12.4,34.4,35.9,21.5,28.3,75.8,10.6,35.4,46,26.9,15,9.9,5.5,5.1,22.2,23.6,119.4,6,
2018-19,Boston Celtics,82,49,33,48.2,39.5,88.1,44.8,11.5,33.5,34.4,17.4,22.8,76.4,10.4,35.5,45.9,23.7,15.1,6.8,3.9,5.3,19.5,20.4,108,-4.4,
2018-19,Brooklyn Nets,82,42,40,48.7,42.2,92.5,45.6,10.3,30.3,34.1,17.6,22.8,77,11,35.2,46.2,23.7,13.5,7.8,5.3,4.1,22,21.5,112.3,0.1,
2018-19,Charlotte Hornets,82,39,43,48.4,41.9,89.2,47,12.1,33.5,36.1,15.9,20.2,78.7,10.1,35.7,45.8,26,13.5,6.9,6,4.9,20.6,18.9,111.8,1.1,
2018-19,Chicago Bulls,82,22,60,48.5,42.2,89.2,47.3,12.1,33,36.5,16.8,22,76.3,10,36.4,46.4,25.5,13.3,7.3,5.8,4.3,18.7,20.3,113.4,8.4,
2018-19,Cleveland Cavaliers,82,19,63,48.2,43.2,87.2,49.5,12,31.6,38,15.8,20.5,77,9.5,34.6,44.1,25.7,12.5,6.9,5.6,2.4,19.4,20,114.1,9.6,
2018-19,Dallas Mavericks,82,33,49,48.2,40.9,89.2,45.9,11.2,32.5,34.4,17.1,22,77.7,10.2,34.6,44.8,24.5,13,7.8,4.5,4.3,23.2,20.1,110.1,1.3,
2018-19,Denver Nuggets,82,54,28,48.1,39.6,86.4,45.8,10.8,31.9,33.9,16.7,22.2,75.3,9.7,32.7,42.5,24.6,13.5,7.4,5,4.4,20.4,20,106.7,-4,
2018-19,Detroit Pistons,82,41,41,48.4,39.9,85,46.9,9.6,27.8,34.5,17.9,23.7,75.5,9.1,34.6,43.7,23.7,14.1,6.9,5.1,4,21.3,22.1,107.3,0.2,
2018-19,Golden State Warriors,82,57,25,48.3,40.4,91.1,44.4,11.6,33.6,34.7,18.7,24.2,77.3,10.8,33.5,44.3,24.3,13.5,7.7,3.6,6.4,19.5,21.4,111.2,-6.5,
2018-19,Houston Rockets,82,53,29,48.4,40.4,86.7,46.6,10.1,29.8,34,18.2,23.7,76.8,11,34.5,45.4,23.5,15,7.4,4.5,4.9,20,22,109.1,-4.8,
2018-19,Indiana Pacers,82,48,34,48.1,38.7,86.1,45,11.4,32.1,35.4,15.8,21,75.6,10.5,33.1,43.7,24.5,15.7,7.4,5.2,4.9,20,19.4,104.7,-3.3,
2018-19,LA Clippers,82,48,34,48.4,41.7,91.3,45.7,10.4,30.2,34.3,20.5,26.3,77.7,11.3,34.5,45.7,24.1,13.2,8.3,6.1,4.7,24,23.3,114.3,-0.9,
2018-19,Los Angeles Lakers,82,37,45,48.2,41.9,92.8,45.2,11.8,34,34.9,17.8,22.7,78.4,11.3,35.6,46.9,25,14.2,8.3,5.1,5.4,20.8,20.7,113.5,1.7,
2018-19,Memphis Grizzlies,82,33,49,48.5,37.6,83.4,45.1,11.6,32.2,36,19.3,24.7,78.4,9.5,35.2,44.7,23.4,15.2,7.6,4.9,5.5,21.4,22,106.1,2.6,
2018-19,Miami Heat,82,39,43,48.1,38.3,86.8,44.1,11.9,33.1,35.8,17.5,22.7,76.9,10.1,34,44.2,23.3,14.1,7.5,4.7,5.5,20.1,20.9,105.9,0.2,
2018-19,Milwaukee Bucks,82,60,22,48.2,40.5,93.5,43.3,13.1,36.3,36.1,15.1,20.7,73.3,9.9,35.4,45.3,24.8,13.4,6.8,4.8,5.9,20.2,19.6,109.3,-8.9,
2018-19,Minnesota Timberwolves,82,36,46,48.4,42.1,90.1,46.7,12.7,33.6,37.8,17.1,22.3,76.7,11.2,34.4,45.6,26.2,14.7,6.6,5.5,5,21.9,20.3,114,1.5,
2018-19,New Orleans Pelicans,82,33,49,48.2,43.3,92.8,46.6,12.3,33.7,36.4,17.9,23.5,76.4,11,34.8,45.8,26.5,13.6,8.6,5.4,5.4,21,21.1,116.8,1.3,
2018-19,New York Knicks,82,17,65,48.2,41.9,89.7,46.7,11.8,32.6,36.3,18.2,23.8,76.6,10.7,36.8,47.5,25.6,13.2,7.4,5.6,5.1,20.8,20.9,113.8,9.2,
2018-19,Oklahoma City Thunder,82,49,33,48.4,40.8,88.7,46,11.2,31.6,35.6,18.3,24,76.1,9.9,35.8,45.7,24.9,16.7,8.2,5.1,5.2,22.5,22.4,111.1,-3.4,
2018-19,Orlando Magic,82,42,40,48.2,39.9,87.6,45.6,10.5,30.2,34.7,16.3,20.9,77.8,9,35.6,44.6,23.1,13,7,4.4,5.4,18.7,18.6,106.6,-0.7,
2018-19,Philadelphia 76ers,82,51,31,48.3,41.7,91.5,45.5,10.3,30,34.2,18.8,24.5,76.8,10,33.5,43.5,23.4,12.7,7.7,4.1,5.3,22.1,21.3,112.5,-2.7,
2018-19,Phoenix Suns,82,19,63,48.5,42.5,88.2,48.2,11.1,29.9,37.2,20.8,27.6,75.3,11.8,35.3,47.2,25.9,15.7,9,5,5.1,20.7,23.6,116.8,9.3,
2018-19,Portland Trail Blazers,82,53,29,48.4,41.1,90,45.7,10.7,29.8,35.9,17.5,22.8,77,10.3,32.6,42.8,23.2,12.4,7.4,5.1,5,20.7,20.4,110.5,-4.2,
2018-19,Sacramento Kings,82,39,43,48.1,42.3,90.6,46.6,12,34.6,34.8,18.8,24.4,77,11.2,36.8,48,24.7,15.9,7.5,5.1,4.4,21.4,21.4,115.3,1.1,
2018-19,San Antonio Spurs,82,48,34,48.3,41.5,89.7,46.3,11.7,32.7,35.9,15.2,20.2,75.5,9.2,34.7,43.9,24.7,12.2,7.2,4,4.7,19.6,18.1,110,-1.7,
2018-19,Toronto Raptors,82,58,24,48.5,40.3,89.7,44.9,10.8,31.2,34.5,17.1,22.3,76.5,10.6,34.2,44.8,24.5,14.9,7.6,4.5,5.3,20.5,21,108.4,-6.1,
2018-19,Utah Jazz,82,50,32,48.2,40,88.5,45.2,9.8,27.7,35.5,16.7,22.2,75.3,8.9,33.7,42.6,21.6,13.9,8.5,4.6,5.9,22.4,21.1,106.5,-5.3,
2018-19,Washington Wizards,82,32,50,48.6,43.4,90.5,48,12.1,32.8,37,18,23.1,77.8,11.4,35.8,47.3,26.2,15.8,7.7,4.6,4.6,21.2,20.7,116.9,2.9,
2017-18,Washington Wizards,82,43,39,48.4,39,84.4,46.2,10.2,29.2,34.9,17.9,23.5,76.1,9.8,32.7,42.5,22.3,14.9,7.8,4.7,4.3,20,21.3,106,-0.6,
2017-18,Utah Jazz,82,48,34,48.2,37.3,83,44.9,9.5,26,36.5,15.8,20.5,77.1,8.7,33,41.6,20,14.9,8.3,4.6,5.1,20.5,19.6,99.8,-4.3,
2017-18,Toronto Raptors,82,59,23,48.4,38.4,85.6,44.9,8.9,25,35.7,18.2,23.7,76.7,9.8,32.6,42.4,21.8,14.3,7.2,4.9,6.1,19.9,21.7,103.9,-7.8,
2017-18,San Antonio Spurs,82,47,35,48.1,38.2,84.3,45.3,9.1,26.3,34.8,14.3,18.9,75.9,9.2,33.3,42.5,21.8,14.1,7.6,3.9,5.6,19.7,17.2,99.8,-2.9,
2017-18,Sacramento Kings,82,27,55,48.2,38.7,82.4,47,11.9,31.5,37.7,16.4,21.5,76.5,9.1,34.7,43.8,23.6,14.3,7.8,4.7,4.1,17.3,20,105.8,7,
2017-18,Portland Trail Blazers,82,49,33,48.2,38.4,85.9,44.7,9.7,26.6,36.4,16.6,22,75.5,9.3,33.6,42.9,20.2,12.6,7.3,5.1,5.2,19.1,19.5,103,-2.6,
2017-18,Phoenix Suns,82,21,61,48.1,41.8,88.7,47.1,10.9,29.2,37.3,18.8,24.6,76.6,10.4,35.4,45.9,23.3,13.4,8.7,6,4.5,20.9,22,113.3,9.4,
2017-18,Philadelphia 76ers,82,52,30,48.2,38,87.6,43.4,10.1,29.6,34.2,19.1,25.6,74.5,10,32.2,42.2,21.7,14.3,8.5,5.1,5.1,20.4,22.1,105.3,-4.5,
2017-18,Orlando Magic,82,25,57,48.1,40.9,87.5,46.8,10,27.6,36.2,16.4,21.2,77.3,10.6,35.3,45.9,24.4,14.2,7.8,4.9,4.9,19,19.3,108.2,4.8,
2017-18,Oklahoma City Thunder,82,48,34,48.4,38.5,84,45.8,11.2,30.6,36.7,16.2,21.1,76.9,9.5,32.6,42.2,23.3,16,7.7,4.6,5,21.3,20.2,104.4,-3.4,
2017-18,New York Knicks,82,29,53,48.4,39.4,86.3,45.7,11.2,30.4,36.8,18,23.2,77.4,10.2,33,43.2,24,13.3,8.2,4.7,5.1,18.4,20.5,108,3.6,
2017-18,New Orleans Pelicans,82,48,34,48.7,41.7,91.9,45.4,10.9,30.6,35.5,16.1,20.5,78.4,10.8,34.7,45.5,23.7,14.5,8.2,4.2,5.9,20.4,19.1,110.4,-1.3,
2017-18,Minnesota Timberwolves,82,47,35,48.3,40.2,84.7,47.5,10.9,29.6,36.6,16,20.5,77.9,9.8,32,41.8,23.9,15.1,6.5,4.7,4.2,20.9,18.2,107.3,-2.2,
2017-18,Milwaukee Bucks,82,44,38,48.4,39.1,83.7,46.8,10.1,27.1,37.2,18.4,23.5,78.3,10,32.8,42.7,23.6,15.6,7.1,4.5,5.4,19.9,21.4,106.8,0.3,
2017-18,Miami Heat,82,44,38,48.6,37.7,83.8,45,9.6,26.6,36,18,23,78.3,9.1,34,43.1,21,14.1,7.5,4.6,5.3,19.4,20.1,102.9,-0.5,
2017-18,Memphis Grizzlies,82,22,60,48.1,37.1,80.3,46.2,10.7,29,36.8,20.6,26.8,76.9,9.5,33,42.5,22.1,14.8,8.1,5.1,4.8,20.4,23.2,105.5,6.2,
2017-18,Los Angeles Lakers,82,35,47,48.5,41,89.9,45.6,10.4,30.1,34.6,17.1,22.5,76.1,10.2,34.6,44.8,23.6,14.3,8.3,5.5,4.7,20.5,21.2,109.6,1.5,
2017-18,LA Clippers,82,42,40,48.1,40.2,87.7,45.9,10.7,30.2,35.6,17.8,22.7,78.2,10.6,33,43.6,24.6,14.1,8.5,5.6,4.5,22,20,109,0,
2017-18,Indiana Pacers,82,48,34,48.2,39.4,84.8,46.5,10.6,30.4,34.9,14.8,19.5,75.7,10.2,32.7,43,23.2,15.5,7,5.2,4.1,18.5,18.8,104.2,-1.4,
2017-18,Houston Rockets,82,65,17,48.2,39.6,85.6,46.2,10.1,28.8,35.1,14.6,19.6,74.6,8.7,33.4,42,22.4,14.5,7.4,4.4,4.8,20.4,19.5,103.9,-8.5,
2017-18,Golden State Warriors,82,58,24,48.1,40.2,90,44.7,10.4,29.2,35.7,16.7,22,75.8,10.9,31.6,42.5,23.6,14.3,8.7,3.7,7.5,18.5,19.6,107.5,-6,
2017-18,Detroit Pistons,82,39,43,48.3,39.1,85.2,45.9,11.1,30.8,35.9,14.6,18.9,77.6,9.2,34.5,43.8,25.2,14.8,7.3,4.9,3.9,18.4,18.4,103.9,0.1,
2017-18,Denver Nuggets,82,46,36,48.5,41.3,86.7,47.6,10.9,28.8,37.8,15,20.4,73.8,9.8,31.9,41.6,24.7,13.8,8,4.8,4.9,20.7,18.7,108.5,-1.5,
2017-18,Dallas Mavericks,82,24,58,48.3,39.3,83.8,46.9,10.7,29.4,36.3,16.2,21.4,75.7,8.8,36.9,45.8,23.5,13.7,7.2,4.5,3.8,19.6,19.2,105.4,3,
2017-18,Cleveland Cavaliers,82,50,32,48.1,41.8,88.3,47.4,11.7,31.7,36.8,14.6,19.4,75.6,9.9,33.7,43.6,25.9,13.5,7.5,4.1,3.8,20.7,18.6,109.9,-0.9,
2017-18,Chicago Bulls,82,27,55,48.4,41,86.8,47.2,12.1,32.7,37,15.9,20.2,78.7,8.4,37.2,45.7,25.9,13.6,7.2,5.2,3.5,17.4,19.2,110,7,
2017-18,Charlotte Hornets,82,36,46,48.2,41.1,87.8,46.8,11.3,30.1,37.5,14.5,18.2,79.5,8.4,35.3,43.7,24.7,13.6,6.6,4.9,4.5,22.4,17.2,108,-0.3,
2017-18,Brooklyn Nets,82,28,54,48.4,41.7,89.4,46.6,9,24.5,36.9,17.9,23.4,76.6,10.4,36.4,46.8,21.7,12.4,7.7,5.5,4.8,19.7,20.6,110.3,3.7,
2017-18,Boston Celtics,82,55,27,48.3,37.4,85,44,9.4,27.7,33.9,16.3,21.3,76.3,9.6,34.2,43.8,21.3,14.1,7.2,4.4,4.5,19.2,19.7,100.4,-3.6,
2017-18,Atlanta Hawks,82,24,58,48.1,40.7,86.7,46.9,11.6,30.7,37.7,15.9,20.6,77.2,10.3,34,44.2,26.1,15.1,8.7,5.5,4.2,20.3,19.6,108.8,5.5,
2016-17,Atlanta Hawks,82,43,39,48.5,38.8,87.3,44.4,10.9,30.5,35.7,15.6,20.2,77.2,10.7,33.2,43.9,23.4,15.4,9,5.2,4.8,21.6,18.2,104,0.9,
2016-17,Boston Celtics,82,53,29,48.2,38.6,85.8,45,9,27,33.2,19.1,24.9,76.9,10.8,33.8,44.5,22.6,13.9,7.6,5.2,4.1,20.3,20.6,105.4,-2.6,
2016-17,Brooklyn Nets,82,20,62,48.2,41.6,90.8,45.8,10,27.2,36.6,19.3,25,77.2,11,36.2,47.2,23,13.3,9.5,5.6,4.7,20.4,21,112.5,6.7,
2016-17,Charlotte Hornets,82,36,46,48.4,39.5,86.5,45.6,11.6,31.4,36.9,14.2,18.2,77.6,8.9,35.5,44.4,24.5,13.1,6.6,5.5,4.8,19.9,16.6,104.7,-0.2,
2016-17,Chicago Bulls,82,41,41,48.2,39.5,86.6,45.6,8.9,25.9,34.5,14.6,19,77,10.3,32.9,43.2,23.6,13.4,7.3,4.6,4.8,18.8,17.7,102.4,-0.4,
2016-17,Cleveland Cavaliers,82,51,31,48.5,40.6,88.8,45.8,10.4,28.7,36.1,15.5,20,77.3,11,33.2,44.2,24.7,12.6,7.3,4.3,4,20.6,18.1,107.2,-3.2,
2016-17,Dallas Mavericks,82,33,49,48.2,37,79,46.9,9.6,25.3,38,17.2,22.3,77.2,8.9,35.6,44.5,21.3,14.9,6.5,3.4,3.7,19.4,19.1,100.8,2.9,
2016-17,Denver Nuggets,82,40,42,48.2,42.1,88.4,47.7,9.9,26.3,37.5,17.1,21.9,78.2,9.4,31.4,40.8,24,12,8.3,4.9,3.9,20.2,19.1,111.2,-0.5,
2016-17,Detroit Pistons,82,37,45,48.3,38.3,83.3,46,9.4,25.6,36.6,16.4,21,78,8,34.9,42.9,23.5,12.8,6.7,4.1,3.8,17.5,17.9,102.5,1.1,
2016-17,Golden State Warriors,82,67,15,48.2,38.8,89.2,43.5,9,27.8,32.4,17.7,23.2,76.1,11.7,31.8,43.5,22.7,15.5,8.6,3.8,6.8,19.4,19.3,104.3,-11.6,
2016-17,Houston Rockets,82,55,27,48.2,41.2,88.9,46.3,10,29.1,34.3,17.3,22.2,77.8,10.7,33.4,44.1,24.1,15.1,8.5,5,4.3,20.4,19.9,109.6,-5.8,
2016-17,Indiana Pacers,82,42,40,48.4,38,84.3,45.1,10.4,29.1,35.5,19,24.1,78.9,10.7,33.5,44.3,22.3,14.9,8.1,5,5,19.5,19.5,105.3,0.2,
2016-17,LA Clippers,82,51,31,48.2,38.6,85.4,45.2,9.2,26.3,35,18,23.4,77.2,10.2,32.9,43.1,23.1,13.2,7,3.1,4.2,22.4,19.8,104.4,-4.3,
2016-17,Los Angeles Lakers,82,26,56,48.1,41.5,86,48.3,10.1,27.4,37,18.3,24,76.2,10.3,34.2,44.4,25.7,14.5,8.5,5.4,3.9,18.5,20.7,111.5,6.9,
2016-17,Memphis Grizzlies,82,43,39,48.5,34.9,78.8,44.3,9.9,28,35.4,20.2,26.9,75.3,9.3,32.8,42.1,20.1,14.3,7,5,4.2,20.8,22.4,100,-0.5,
2016-17,Miami Heat,82,41,41,48.2,37.9,84.2,45,7.8,22.7,34.3,18.5,23.7,78.2,10.2,33.4,43.6,19.6,13.7,6.8,4.9,5.7,18.7,20.5,102.1,-1.1,
2016-17,Milwaukee Bucks,82,42,40,48.2,38,82.9,45.8,10,28.2,35.3,17.9,23.2,77.1,10.3,32.1,42.4,24.1,14.7,7.4,4.6,5.3,19.3,20.2,103.8,0.2,
2016-17,Minnesota Timberwolves,82,31,51,48.3,39.6,83.3,47.5,9.9,27,36.6,17.6,22.9,76.8,9.8,30.6,40.4,23.1,14.3,7.7,5,4.5,20.5,20.1,106.7,1.1,
2016-17,New Orleans Pelicans,82,34,48,48.5,40.1,89,45,10.5,29.8,35.3,15.8,20.7,76.2,10.6,37.7,48.3,23.4,14,7.4,4.2,5.5,19.3,18.2,106.4,2.1,
2016-17,New York Knicks,82,31,51,48.4,39.7,87.4,45.5,9.8,28.2,34.8,18.7,24.2,77.1,11.6,33.1,44.7,21.8,12.9,7.5,4.6,5.5,18.5,20.3,108,3.7,
2016-17,Oklahoma City Thunder,82,47,35,48.3,39.2,85.3,45.9,8.8,24.8,35.6,18.6,24.3,76.4,9.1,31.5,40.6,21.4,13.8,8.5,5.5,5,20.7,20.9,105.8,-0.8,
2016-17,Orlando Magic,82,29,53,48.3,40.3,86.4,46.7,9.7,26.4,36.7,17.4,22.7,76.6,9.7,35.8,45.5,23.6,13,7.6,5.1,4.8,18.7,19.3,107.6,6.6,
2016-17,Philadelphia 76ers,82,28,54,48.4,39.6,85.9,46.1,8.9,24.9,35.7,20.1,26,77.3,10.8,34.2,45,22.7,15.1,8.6,5.4,5.1,19.6,21.9,108.1,5.7,
2016-17,Phoenix Suns,82,24,58,48.4,40.2,86.2,46.7,10.1,26.3,38.2,22.8,29.1,78.3,10.2,33.8,44,22.2,14.9,8.1,5.3,4.9,22.2,24.8,113.3,5.6,
2016-17,Portland Trail Blazers,82,41,41,48.6,39.2,86.2,45.5,9.3,25.1,37,20.8,26.5,78.5,10.1,33.9,44,20.6,12.8,7.7,5.3,5,19.8,21.2,108.5,0.5,
2016-17,Sacramento Kings,82,32,50,48.5,38.5,83.2,46.2,10.9,30,36.4,18.9,24.2,77.8,10.1,32.8,42.9,23.7,14,8.5,5.1,4,20.1,20.3,106.7,3.9,
2016-17,San Antonio Spurs,82,61,21,48.3,37,83.4,44.3,8.1,23.7,34.4,16,20.8,77.1,9.8,31.7,41.5,21.4,14.4,7.5,4.1,5.9,19.8,18.3,98.1,-7.2,
2016-17,Toronto Raptors,82,51,31,48.2,37.2,82.9,44.9,9.7,27.3,35.4,18.5,23.8,78,10.1,31.9,42.1,21.8,14.6,6.7,4.8,4.9,20.3,20.8,102.6,-4.2,
2016-17,Utah Jazz,82,51,31,48.2,36.3,82,44.3,8.2,22.9,35.8,16,20.7,76.9,9,31.1,40.2,17.8,12.1,7.3,3.8,5,20.2,18.8,96.8,-3.9,
2016-17,Washington Wizards,82,49,33,48.4,39.7,85.1,46.6,9.9,27.1,36.4,18.2,24.2,75.1,10.6,32.5,43,22.8,15.3,7.4,4.6,4.1,19.8,21.3,107.4,-1.8,
2015-16,Washington Wizards,82,41,41,48.2,38.7,83.8,46.2,9,24.2,37.1,18.3,23.7,76.9,9.4,34.9,44.3,22.5,16.2,8.1,4.3,3.9,20.1,20.8,104.6,0.5,
2015-16,Utah Jazz,82,40,42,48.7,35.6,79.9,44.6,7.9,22.2,35.7,16.8,22.5,74.6,9.3,30.8,40.1,19.1,14,8,4.7,5.2,19.9,20.2,95.9,-1.8,
2015-16,Toronto Raptors,82,56,26,48.2,36.5,82.1,44.4,8.7,23.4,37.3,16.5,22.1,74.8,9.5,31.2,40.8,21.7,13.3,6.5,5.4,5.5,22,19.6,98.2,-4.5,
2015-16,San Antonio Spurs,82,67,15,48.1,35.7,81.8,43.6,6.6,19.9,33.1,14.9,19.6,75.8,9.1,31.4,40.5,20.8,14.8,7.2,3.9,5.9,19.5,17.5,92.9,-10.6,
2015-16,Sacramento Kings,82,33,49,48.3,40.6,87.7,46.2,10.2,28,36.6,17.7,23.2,76.2,11.3,33.7,45,24.2,16,8.8,5.3,4.5,22,20.4,109.1,2.5,
2015-16,Portland Trail Blazers,82,44,38,48.3,38.4,84.7,45.3,8.5,23,37.1,19,26,73.4,10.6,33.1,43.7,21.6,13.3,7.7,5.2,4.6,19.5,21.7,104.3,-0.8,
2015-16,Phoenix Suns,82,23,59,48.1,39.1,83.8,46.7,9.4,24.9,37.7,19.9,26.5,74.9,9.9,33.8,43.7,22.4,14.9,9.5,5.5,3.8,21.6,22.7,107.5,6.7,
2015-16,Philadelphia 76ers,82,10,72,48.3,39.7,85.4,46.4,7.8,21.7,35.9,20.5,26.1,78.6,11.1,36.4,47.6,23.4,15.1,8.7,5.7,6,19.2,21.7,107.6,10.2,
2015-16,Orlando Magic,82,35,47,48.5,38.4,83.5,46,8.9,24.9,35.9,17.9,24,74.6,10.1,34.1,44.3,23.2,15.1,7.6,5.5,5.1,18.3,20.7,103.7,1.6,
2015-16,Oklahoma City Thunder,82,55,27,48.4,38.4,87.7,43.8,8.1,23.8,34.2,18,23.8,75.6,11.3,28.9,40.2,21.5,13,8.8,4.5,5.9,20.2,20.6,102.9,-7.3,
2015-16,New York Knicks,82,32,50,48.3,38,85.8,44.3,7.6,22.4,34.1,17.5,23.2,75.4,10.9,33.3,44.2,20.8,11.3,7.2,4.2,5.7,18.5,19.7,101.1,2.7,
2015-16,New Orleans Pelicans,82,30,52,48.2,39.2,83.9,46.8,9.2,24.9,36.9,18.8,24,78.3,8.9,35.5,44.4,23.2,13.7,7.3,5.2,4.2,19.9,20.9,106.5,3.8,
2015-16,Minnesota Timberwolves,82,29,53,48.5,40,84.9,47.1,9,25.5,35.5,17,22.5,75.7,10.7,31.2,41.9,22.6,14.9,7.8,5.2,4.6,21.6,20.7,106,3.5,
2015-16,Milwaukee Bucks,82,33,49,48.4,37.8,83.1,45.4,9.3,26.5,35.2,18.4,23.9,76.8,11.5,31.5,43,24.5,15.5,8.3,5.6,5.8,19.5,20.7,103.2,4.2,
2015-16,Miami Heat,82,48,34,48.4,37.2,84.3,44.2,7.4,21.2,34.7,16.5,21.5,77,9.8,31.5,41.3,20.2,12.9,7.5,4.1,6.5,19.6,18.3,98.4,-1.6,
2015-16,Memphis Grizzlies,82,42,40,48.4,35.9,78.8,45.6,9.7,26.6,36.5,19.7,25.7,76.8,10.1,33.1,43.2,21.9,16.2,7,5.7,4.3,21.1,21.7,101.3,2.2,
2015-16,Los Angeles Lakers,82,17,65,48.1,40.5,85.6,47.3,8.5,24.6,34.7,17.3,23.7,73.1,10.9,35.5,46.5,24.7,12.6,7.5,5.6,4.1,19.2,20.3,106.9,9.6,
2015-16,LA Clippers,82,53,29,48.4,36.8,84.7,43.4,7.9,23.3,33.8,18.8,25.1,75.1,11.8,34.9,46.7,21.2,15.4,7.1,3.2,5.6,22.5,21.3,100.2,-4.3,
2015-16,Indiana Pacers,82,45,37,48.5,37.4,84.9,44,8.3,24.8,33.4,17.4,23.2,75.1,10.7,33.8,44.5,20.8,15.8,7.7,4.5,4.8,20.4,20,100.5,-1.7,
2015-16,Houston Rockets,82,41,41,48.4,39,85.1,45.9,9.7,26.9,36.1,18.6,24.6,75.6,11.8,32.8,44.6,24.6,16.6,9,4.9,5.2,22.5,21.8,106.4,-0.2,
2015-16,Golden State Warriors,82,73,9,48.5,38.9,89.4,43.5,7.8,23.5,33.2,18.6,24.5,75.7,11.4,32.5,43.9,22.2,14.5,8.7,4.1,6.1,19.8,20.7,104.1,-10.8,
2015-16,Detroit Pistons,82,44,38,48.5,38.8,84.2,46.1,7.3,20.5,35.5,16.5,21,78.3,8.8,33.7,42.5,21.5,13.4,7.1,4.5,3.7,21.6,19,101.4,-0.6,
2015-16,Denver Nuggets,82,33,49,48.4,38.8,84.2,46.1,9.2,24.8,37.1,18.2,23.9,76.1,9.7,32.9,42.7,23.5,13.7,8,6.3,4.8,20.9,21,105,3.1,
2015-16,Dallas Mavericks,82,42,40,48.8,38.3,85,45.1,9.1,26.5,34.2,16.9,22.8,73.8,10.6,35.2,45.8,22,13.9,7.5,4.4,3.7,21.4,19.5,102.6,0.3,
2015-16,Cleveland Cavaliers,82,57,25,48.4,36.8,82.1,44.8,7.9,22.7,34.7,16.8,22.6,74.3,9.3,31.8,41,21.4,13.3,7.2,4.4,3.9,20.6,20.3,98.3,-6,
2015-16,Chicago Bulls,82,42,40,48.5,39.4,89.4,44.1,7.9,23,34.5,16.3,22.1,73.7,11.8,34.1,45.9,22.5,11.9,8,5.7,5.7,18.7,18.8,103.1,1.5,
2015-16,Charlotte Hornets,82,48,34,48.4,37.8,85,44.4,8.9,25.4,34.9,16.3,21.2,76.9,8.9,35.8,44.7,23.2,13.4,6.7,5.5,5.3,20.4,18.1,100.7,-2.7,
2015-16,Brooklyn Nets,82,21,61,48.2,40.8,85.2,47.9,9.5,25.6,36.9,15,19.6,76.3,10.2,33.2,43.4,24.5,14.2,8.8,5.2,4,18.4,18,106,7.4,
2015-16,Boston Celtics,82,48,34,48.2,37.5,85,44.1,7.8,23.3,33.6,19.7,26,75.5,11.4,34.6,46,20.9,16.4,7.6,5.5,4.2,21,21.9,102.5,-3.2,
2015-16,Atlanta Hawks,82,48,34,48.4,37.1,86.1,43.2,8.3,24.5,33.8,16.7,22.1,75.5,11.5,35,46.5,22,16.1,8.6,5,5.9,18.3,19.1,99.2,-3.6,
2014-15,Washington Wizards,82,46,36,48.7,36.2,83.5,43.3,8,23,34.9,17.5,23.7,73.8,10,31.7,41.7,19.9,14,8,4.3,4.6,19.6,20.8,97.8,-0.7,
2014-15,Utah Jazz,82,38,44,48.1,35.8,80.3,44.6,7.4,20.4,36.2,16,21.5,74.4,9.9,29.3,39.2,19.4,13.1,8.2,4.7,6,19.6,19.3,94.9,-0.2,
2014-15,Toronto Raptors,82,49,33,48.4,38,82.8,45.9,7.7,22.3,34.6,17.2,23.5,73.3,11.2,31.2,42.5,22.8,14.4,6.9,5,4.4,20.3,20.9,100.9,-3.1,
2014-15,San Antonio Spurs,82,55,27,48.7,37.1,83.7,44.4,6.8,18.9,36,15.9,21.4,74.5,9.9,32.2,42.1,20.7,14.2,7.9,4.4,5.4,19.7,19.1,97,-6.2,
2014-15,Sacramento Kings,82,29,53,48.4,39.5,86.5,45.6,8.8,25.1,34.9,17.3,23.1,74.8,11,30.2,41.2,23.3,12.9,8.7,6.2,4,23.9,20.7,105,3.7,
2014-15,Portland Trail Blazers,82,51,31,48.4,38.2,86.9,43.9,6.4,18.9,33.8,15.8,20.9,75.8,11,33.6,44.6,20.4,12.2,8,3.6,4.5,18.7,18.2,98.6,-4.2,
2014-15,Phoenix Suns,82,39,43,48.5,38.4,85,45.2,7.7,21.9,35.2,18.8,24.8,75.9,11.6,33.7,45.3,21.1,15.6,7.9,4.1,4.7,20.3,21.3,103.3,0.9,
2014-15,Philadelphia 76ers,82,18,64,48.3,37.1,82.7,44.9,8,22.9,35,18.7,24.7,75.6,11.5,34.8,46.3,23.7,16.8,9.5,5.5,5.9,20.2,21.7,101,9,
2014-15,Orlando Magic,82,25,57,48.2,38,82,46.3,8.3,22.6,36.8,17.2,22.9,75.1,10.1,33.4,43.5,23.4,14.5,7.7,5.4,3.8,17.9,20.9,101.4,5.7,
2014-15,Oklahoma City Thunder,82,45,37,48.4,37.6,85.5,44,8.3,24.2,34.3,18.2,24.5,74.5,11.2,31.5,42.7,22.1,13.6,7.8,4.6,5.5,20.4,22.3,101.8,-2.2,
2014-15,New York Knicks,82,17,65,48.4,37,80.4,46,8.5,22.3,38,18.8,24.8,75.9,11,32.5,43.5,21.7,14.1,8,4.3,4.7,19.1,21.6,101.2,9.3,
2014-15,New Orleans Pelicans,82,45,37,48.2,37.9,83.1,45.6,6.5,19.6,33.5,16.2,21.4,75.9,10.6,30.9,41.5,20.7,12.2,6.8,5.8,6.2,18.7,18.7,98.6,-0.8,
2014-15,Minnesota Timberwolves,82,16,66,48.3,41.1,84.5,48.7,8.5,23.1,36.7,15.8,20.8,75.9,11.6,31.9,43.6,23.6,15.2,8.4,5.5,4,21.4,19.2,106.5,8.8,
2014-15,Milwaukee Bucks,82,41,41,48.6,35.6,81.5,43.7,8.2,24.1,34.2,18,24.3,74.2,11.4,31.4,42.9,22.3,17.4,8.6,4.8,4.9,20.1,22.1,97.4,-0.4,
2014-15,Miami Heat,82,37,45,48.1,36.1,79.5,45.4,8.1,23,35.3,17,23.2,73,10.9,30.1,41,21.3,14.8,7.9,4.4,4.5,20.9,20,97.3,2.6,
2014-15,Memphis Grizzlies,82,55,27,48.5,36,81.5,44.2,8.1,23,35.1,14.9,20.1,74.2,10.5,31.9,42.4,20.1,15.3,7.4,5.2,4.2,20.3,19.1,95.1,-3.2,
2014-15,Los Angeles Lakers,82,21,61,48.6,38.8,83.1,46.6,8.5,23.4,36.3,19.2,25.8,74.5,10,34.1,44.2,24,13,7.5,4.8,4.5,19.4,21.2,105.3,6.8,
2014-15,Los Angeles Clippers,82,56,26,48.1,36.4,82.3,44.2,8.3,23.9,34.9,19,25.7,74.1,10.6,32.3,42.9,23.2,14.3,6.7,3,5,21.5,21.3,100.1,-6.6,
2014-15,Indiana Pacers,82,38,44,48.4,36,82.7,43.5,7.2,20.9,34.5,17.9,23.8,75.3,9.8,33,42.7,19.9,12.7,7.5,4.7,4.6,21.4,21.2,97,-0.3,
2014-15,Houston Rockets,82,56,26,48.3,37.7,85.2,44.3,7.4,22.9,32.2,17.7,23.6,75.1,11.9,32,43.8,21.4,16.4,8.9,5.3,5,21.1,22,100.5,-3.4,
2014-15,Golden State Warriors,82,67,15,48.1,37,86.4,42.8,7.2,21.4,33.7,18.7,24.5,76.3,11.7,32.8,44.5,21,16.2,8.3,3.6,6,18.8,19.9,99.9,-10.1,
2014-15,Detroit Pistons,82,32,50,48.4,37.9,83.1,45.6,7.7,21.8,35.5,16,20.7,77.2,10.7,33.4,44.1,23.8,14,7,4.8,4.7,19.3,19,99.5,1,
2014-15,Denver Nuggets,82,30,52,48.5,38.6,84.3,45.8,7.7,22.2,34.6,20.1,26.9,74.8,11,34.1,45.1,23.1,14.4,7.5,6.1,4.5,20.7,23,105,3.5,
2014-15,Dallas Mavericks,82,50,32,48.5,38,84.5,45,9,24.8,36.4,17.3,22.9,75.3,12.3,33.9,46.1,22.3,16.3,7.3,3.8,4.5,22.1,20,102.3,-2.9,
2014-15,Cleveland Cavaliers,82,53,29,48.2,38.1,83.5,45.6,7.7,22.5,34.3,14.8,19.9,74.5,10.8,30.3,41.1,24.1,13.3,7.8,4.5,4.1,20.5,18.4,98.7,-4.5,
2014-15,Chicago Bulls,82,50,32,48.5,37.7,86.7,43.5,6.6,19.6,33.5,15.7,21,74.9,11.7,31.7,43.4,20.2,12.2,7.5,5.4,5.8,21.2,18.2,97.8,-3,
2014-15,Charlotte Hornets,82,33,49,48.5,36.8,83.7,44,7.9,22.1,35.7,15.8,20.4,77.2,8.9,35.2,44.1,22.1,12.6,6.1,5.4,5.5,20.8,18.2,97.3,3.2,
2014-15,Brooklyn Nets,82,38,44,48.6,38.4,84.3,45.6,8.5,23.7,35.8,15.6,21.3,73.1,11.4,32.9,44.3,23.7,13.9,7.8,4.5,4.1,20,19.3,100.9,2.9,
2014-15,Boston Celtics,82,40,42,48.5,38.1,84.7,45,7.4,22,33.6,17.6,23.3,75.5,10.9,33.8,44.7,21.9,15.1,7.1,5.3,3.6,18.8,21.2,101.2,-0.2,
2014-15,Atlanta Hawks,82,60,22,48.1,36.5,83.1,43.9,8.8,25.8,34.1,15.4,20.1,76.4,11.6,32.1,43.6,23.5,16.1,7.4,4.9,4.6,19.6,17.8,97.1,-5.4,
2013-14,Washington Wizards,82,44,38,48.9,37,80.9,45.8,7.5,21.5,34.7,17.8,23.3,76.5,10.1,32.1,42.2,22.2,16,7.7,3.9,4.6,19.5,20.4,99.4,-1.3,
2013-14,Utah Jazz,82,25,57,48.2,38.3,81,47.3,7.3,19.4,37.6,18.3,23.7,77.3,10.3,32.2,42.5,21.8,12.6,7.5,4.9,4.5,20.4,20.7,102.2,7.2,
2013-14,Toronto Raptors,82,48,34,48.7,36.1,80.2,45,6.9,19.2,36,19,25.3,75.2,10.4,30.5,41,21,14.9,7.3,4.3,4.2,22.1,23,98,-3.2,
2013-14,San Antonio Spurs,82,62,20,48.2,37.8,85.1,44.4,6.5,18.3,35.3,15.7,20.6,76,10.5,31.7,42.2,20.4,13.9,7.7,4.6,5.1,19.3,18.2,97.6,-7.7,
2013-14,Sacramento Kings,82,28,54,48.4,37.8,82.1,46.1,8.5,22.4,38,19.2,26.1,73.7,9.9,31.3,41.2,23.5,13.6,7.8,5.6,3.9,23.1,22.5,103.4,2.9,
2013-14,Portland Trail Blazers,82,54,28,48.4,39.6,87.8,45.1,6.5,18.3,35.5,17,22.2,76.6,11.5,32,43.5,20.4,12,7.8,3.7,4.7,20.7,19.2,102.8,-4,
2013-14,Phoenix Suns,82,48,34,48.2,38,83.4,45.6,6.8,19.9,34.1,19.8,25.8,76.6,11.3,31.5,42.8,20.3,15.3,7.5,4,4.6,21.3,21.9,102.6,-2.6,
2013-14,Philadelphia 76ers,82,19,63,48.4,40,85.1,47.1,9,24.4,37,20.8,27.6,75.4,11.9,35,46.9,26.1,17,9,6.8,4,20.6,22.5,109.9,10.5,
2013-14,Orlando Magic,82,23,59,48.7,38.1,83.7,45.6,8,21.7,37.1,17.7,22.9,77,10.5,33.5,44,22.5,14,7.1,5.4,4.3,18.3,20.5,102,5.4,
2013-14,Oklahoma City Thunder,82,59,23,48.3,36.4,83.4,43.6,8.6,24,35.8,18.4,25.4,72.7,11,30,40.9,21.8,15.2,8.2,3.6,6.1,20.4,22.7,99.8,-6.3,
2013-14,New York Knicks,82,37,45,48.4,35.8,78.1,45.8,8.7,23.4,37.1,19.1,25,76.5,10.3,31.7,42,19.7,14.5,6.3,3.4,4.5,19.6,22.1,99.4,0.8,
2013-14,New Orleans Pelicans,82,34,48,48.4,37.3,80.1,46.5,8,22.3,35.7,20,26.5,75.2,10.7,31,41.7,22.5,14.5,7,6.1,6.4,20.3,22.6,102.4,2.7,
2013-14,Minnesota Timberwolves,82,40,42,48.4,40.5,86,47.1,8.1,22.2,36.4,15.2,20.1,75.6,11.1,33.1,44.2,22.9,16.4,7.9,5.6,3.6,23.6,18.3,104.3,-2.7,
2013-14,Milwaukee Bucks,82,15,67,48.5,38.4,82,46.8,8.5,22.3,38.2,18.4,24.5,75.1,11.7,31.8,43.5,22.8,14.1,7.8,5,4.9,20.6,20.9,103.7,8.2,
2013-14,Miami Heat,82,54,28,48.5,36.1,79,45.7,8.5,23.4,36.2,16.8,22.3,75,10.8,29.5,40.3,21.4,16.7,8.1,3.1,4.5,20.4,19.5,97.4,-4.8,
2013-14,Memphis Grizzlies,82,50,32,48.3,35.7,79.3,45,7.5,21.1,35.5,15.8,20.6,76.6,9.9,29.3,39.2,19.9,14.2,7.2,5,4.6,18.9,19.1,94.6,-1.6,
2013-14,Los Angeles Lakers,82,27,55,48.1,42,89.6,46.8,8.1,22.5,36.1,17.2,23.7,72.7,13,36,49,25.8,14.2,9.6,4.7,5.4,19.3,19.8,109.2,6.3,
2013-14,Los Angeles Clippers,82,57,25,48.2,37.4,84.9,44.1,7.3,21.8,33.2,18.9,25,75.5,12.3,31.4,43.7,23.3,15.4,7,3.5,4.8,23.4,21.5,101,-7,
2013-14,Indiana Pacers,82,56,26,48.2,34.8,82.7,42,6.6,19,34.5,16.3,21.6,75.5,10.4,30.7,41.2,18.6,13.7,7.2,4.6,5.4,21.9,20.4,92.3,-4.4,
2013-14,Houston Rockets,82,54,28,48.4,39,88,44.3,8.1,23,35.3,17,22.5,75.7,11.9,29.7,41.7,22.2,14,8.6,5.6,5.6,24.3,20.4,103.1,-4.6,
2013-14,Golden State Warriors,82,51,31,48.4,36.8,84.4,43.6,6.9,20.2,34.4,18.9,24.7,76.5,10.7,32.6,43.3,20.5,15,7.9,4.2,5,19.3,21.8,99.5,-4.8,
2013-14,Detroit Pistons,82,29,53,48.2,39.1,83.2,47,8.3,22.8,36.5,18.1,24,75.6,11.1,31.9,43,24.4,15,8.2,4.9,4.8,20.7,20.3,104.7,3.7,
2013-14,Denver Nuggets,82,36,46,48.2,39.5,86.4,45.7,7.4,21,35.1,20.2,26.4,76.3,11.3,32.5,43.8,22.5,14.4,8.5,5.6,5.6,21.7,23,106.5,2.1,
2013-14,Dallas Mavericks,82,49,33,48.4,37.8,81.4,46.4,8.3,23,35.9,18.7,24.6,75.8,11.5,31.3,42.8,22,16,7.7,3.5,4.3,19.9,20,102.4,-2.4,
2013-14,Cleveland Cavaliers,82,33,49,48.6,37.8,83.5,45.2,9.3,25.4,36.7,16.6,22,75.7,10.3,32.3,42.5,24.8,14,7.2,5.6,3.7,19.5,20,101.5,3.3,
2013-14,Chicago Bulls,82,48,34,48.6,35,81.2,43,6.6,18.7,35.1,15.3,20.3,75.3,10.7,30.6,41.3,19.6,14.4,7.6,6,5.2,20.9,19.1,91.8,-1.9,
2013-14,Charlotte Bobcats,82,43,39,48.5,36.9,83.4,44.2,8.1,22,36.9,15.3,20.1,75.9,9.6,33.7,43.3,21,13.3,6.3,5.1,5.1,20.9,18.2,97.1,0.2,
2013-14,Brooklyn Nets,82,44,38,48.5,36.3,79.4,45.8,8.1,22,36.7,18.8,24.7,76,11.2,31.6,42.9,21,15.8,7.4,4.1,3.8,20.8,21.7,99.5,1,
2013-14,Boston Celtics,82,25,57,48.1,37.8,81.4,46.5,6.6,18.9,34.7,18.5,24.3,76.1,10.6,31.7,42.3,22.1,14.2,7.4,4.5,4.2,19.1,21.3,100.7,4.5,
2013-14,Atlanta Hawks,82,38,44,48.4,38.6,83.5,46.2,8,21.9,36.5,16.4,21.9,74.8,10.8,32.8,43.5,23.2,15.2,8.2,4.3,4,20,19.2,101.5,0.5,
2012-13,Washington Wizards,82,29,53,48.4,35.9,81.7,44,7.1,20.5,34.9,16.8,22.8,73.8,11,33.2,44.2,21.5,14.5,7.8,4.4,4.6,19.1,20.5,95.8,2.5,
2012-13,Utah Jazz,82,43,39,48.5,36.6,79.9,45.8,6.8,18.5,37,18,23.8,75.7,11,29.8,40.8,20.6,14.7,7.8,5.9,6.3,20.4,21.3,98.1,0.1,
2012-13,Toronto Raptors,82,34,48,48.7,36.2,79.2,45.8,6.7,18.4,36.1,19.6,26.2,74.7,10.7,31,41.7,21.9,14.3,7,4.7,4.8,20.1,22.4,98.7,1.5,
2012-13,San Antonio Spurs,82,58,24,48.5,37.5,84.9,44.2,6.3,17.9,35.3,15.2,20,76,11.1,31.4,42.5,21.4,14.9,8.2,4.9,5.4,19.1,17.4,96.6,-6.4,
2012-13,Sacramento Kings,82,28,54,48.4,39.3,83.3,47.2,7.6,21.5,35.5,18.9,24.1,78.3,11.9,31.7,43.6,25.1,14.7,7.6,6.3,4.2,20,20.9,105.1,4.9,
2012-13,Portland Trail Blazers,82,33,49,48.4,39.3,83,47.4,6.4,18.7,34,15.7,20.6,76.1,11,31.4,42.4,23.7,13.1,8.4,4.4,4.3,18.7,18.5,100.7,3.2,
2012-13,Phoenix Suns,82,25,57,48.3,38.8,82.6,47,6.9,17.9,38.8,17.1,22.6,75.7,11.7,31.7,43.4,22.8,15.3,8.3,5.1,5.3,18.4,20.6,101.6,6.5,
2012-13,Philadelphia 76ers,82,34,48,48.2,36.8,81,45.4,6.7,19.2,34.9,16.2,21.4,76,11,33,44,22.8,14.3,7.2,4.8,4.7,16.2,18.4,96.5,3.3,
2012-13,Orlando Magic,82,20,62,48.2,38.6,83.4,46.3,7.5,21,35.9,16.3,22.1,73.8,10.8,31.9,42.8,23.7,12.4,7.2,5.2,4.4,16.5,19.4,101.1,7,
2012-13,Oklahoma City Thunder,82,60,22,48.4,36.2,85,42.5,7.4,21.5,34.6,16.7,21.6,77.4,12,28.7,40.7,20.5,14.8,8.2,3.9,7.6,20.7,20.2,96.5,-9.2,
2012-13,New York Knicks,82,54,28,48.1,35.6,77.6,45.8,7.8,21.8,35.7,16.8,22.2,75.7,10,31.6,41.6,19.3,15.1,6.4,4,3.6,19.2,20.1,95.7,-4.2,
2012-13,New Orleans Hornets,82,27,55,48.2,37,78.5,47.1,7.7,20.6,37.4,16.3,21.5,75.9,10.2,29.2,39.3,23.4,13.2,7.9,6,5.4,18.7,20.4,97.9,3.9,
2012-13,Minnesota Timberwolves,82,31,51,48.1,38,81.2,46.8,7,19,36.9,15.2,20.1,75.2,10.6,31.5,42.1,22.3,15.9,8.1,5.9,4.7,22.5,18.4,98.1,2.4,
2012-13,Milwaukee Bucks,82,38,44,48.4,38.4,84.7,45.4,6.5,18.5,34.8,17,22.5,75.9,12.4,33.6,46,23.1,16,8,4.4,6.7,19.1,19,100.4,1.5,
2012-13,Miami Heat,82,66,16,48.5,35.6,80.9,44,7.6,21.7,35,16.2,21.2,76.6,11.2,28.9,40.1,20.2,15.6,7.9,3.2,5.4,20.4,18.7,95,-7.9,
2012-13,Memphis Grizzlies,82,56,26,48.3,33.5,77,43.5,6.1,18.2,33.8,16.1,21.5,74.8,10.3,28.8,39.1,19.5,15.5,7.3,5.5,5.3,20,20.2,89.3,-4.1,
2012-13,Los Angeles Lakers,82,45,37,48.2,39.7,87.6,45.3,7.5,21,35.7,14.2,19.4,73.2,11.5,31.1,42.7,23.4,12.9,8.5,4.8,5.2,23.1,17.9,101,-1.2,
2012-13,Los Angeles Clippers,82,56,26,48.1,34.6,78,44.3,7.6,20.5,37.3,17.9,23.9,74.9,10.9,28.2,39.1,22.1,16.1,7.4,4.1,5.6,20.9,20.9,94.6,-6.5,
2012-13,Indiana Pacers,81,49,32,48.4,34.5,82.2,42,5.4,16.6,32.7,16.2,21.3,76,11.2,29.6,40.9,19.2,13.5,7.5,5.7,6.3,21.9,20,90.7,-4,
2012-13,Houston Rockets,82,45,37,48.2,38.8,85.5,45.4,8.1,21.9,36.8,16.8,21.6,77.6,10.7,31,41.6,22.7,14.8,8.5,6.1,4.4,20.4,20.3,102.5,-3.5,
2012-13,Golden State Warriors,82,47,35,48.3,37.2,84.8,43.9,8,23.1,34.7,17.9,23.9,74.8,11.1,31.7,42.7,23.5,13.5,8.2,4.9,4.2,19.2,21.4,100.3,-0.9,
2012-13,Detroit Pistons,82,29,53,48.3,37.3,81.2,45.9,7.4,20.4,36,16.9,22.2,76.2,11.1,30.7,41.8,22.4,13.7,8.4,5.8,4.9,19.9,19.8,98.8,4,
2012-13,Denver Nuggets,82,57,25,48.5,38.1,85.7,44.4,8.4,23.1,36.3,16.6,22.7,73.1,12.4,29.2,41.6,23.6,15.9,8,6.8,6.5,21.6,20.5,101.1,-5.1,
2012-13,Dallas Mavericks,82,41,41,48.7,37.4,84,44.5,7.8,21.8,35.9,19.1,25.4,75.3,12,33.6,45.6,22,14.7,8.5,4.1,5.5,18.9,20.7,101.7,0.6,
2012-13,Cleveland Cavaliers,82,24,58,48.1,37.9,79.6,47.6,7.4,20,37.2,17.9,24.2,73.9,10.8,31.3,42.1,23.9,15.2,7.6,6.8,4.1,19.7,21.2,101.2,4.7,
2012-13,Chicago Bulls,82,45,37,48.4,35.4,80.1,44.3,5.5,16,34.6,16.5,22.3,73.9,11,30.1,41.1,18.8,13.7,7.3,5.8,5.1,19.6,19.7,92.9,-0.3,
2012-13,Charlotte Bobcats,82,21,61,48.3,38.8,82.5,47.1,8.7,22.5,38.8,16.2,21.8,74.7,11.8,32.3,44.1,25.3,14,6.9,6.9,5.8,21.3,19,102.7,9.2,
2012-13,Brooklyn Nets,82,49,33,48.4,37.4,80.7,46.4,6.3,17.3,36.6,14,19.2,73.1,10.7,28.5,39.2,21.4,13.4,7.5,4.8,4.8,21.4,18.3,95.1,-1.8,
2012-13,Boston Celtics,81,41,40,49,36.1,82,44.1,6.8,19.9,34.2,17.7,23.9,74,11.4,32.1,43.6,21.6,15.3,7.8,4.7,4.5,19.4,21.2,96.7,0.2,
2012-13,Atlanta Hawks,82,44,38,48.4,37.5,83.2,45,7.6,19.9,37.9,15,19.7,76.3,11.3,32.4,43.7,22.3,15.2,8.4,4.3,4.5,18.8,18,97.5,-0.4,
2011-12,Atlanta Hawks,66,40,26,49,36.1,81.3,44.4,5.9,17.2,34.4,15.1,20.1,75.3,10.8,31.5,42.3,20.5,15.1,7.5,4.7,4.6,19.1,17.8,93.2,-3.4,
2011-12,Boston Celtics,66,39,27,48.3,33.4,79.7,41.9,5.2,16.9,30.8,17.2,22.7,76,11.8,31.4,43.2,18.7,15.7,7.8,4.6,5.5,18.4,19.9,89.3,-2.5,
2011-12,Charlotte Bobcats,66,7,59,48.2,38.9,82,47.5,6.2,17.3,35.6,16.9,22.5,75,11.8,33.2,45,23.3,13.5,7.6,5.7,5.5,20.3,18.9,100.9,13.9,
2011-12,Chicago Bulls,66,50,16,48.3,34.6,82.1,42.1,4.6,14.2,32.5,14.3,19.4,74,11.4,28.6,40,18.9,13.3,7.4,5.2,5.9,17.7,17.3,88.2,-8.2,
2011-12,Cleveland Cavaliers,66,21,45,48.4,38.4,82.3,46.7,6.8,18.7,36.2,16.6,22.2,74.8,11.4,31.4,42.8,23.1,13.9,7.9,6.2,4,20.9,20,100.2,7.2,
2011-12,Dallas Mavericks,66,36,30,48.7,35.6,81.7,43.5,7.2,20.7,34.6,16.5,22.1,75,11,32.9,43.9,20.5,14.7,8.5,4,5.1,18.4,18.6,94.8,-1,
2011-12,Denver Nuggets,66,38,28,48.6,38.5,84.4,45.6,8.7,22.6,38.3,15.6,20.5,75.9,11.1,29.2,40.3,23.2,15.6,7.9,6.7,5,22,19.7,101.2,-2.9,
2011-12,Detroit Pistons,66,25,41,48.4,36,78,46.2,6,16.9,35.5,17.6,23,76.5,10.7,30.1,40.7,22.5,14.5,8.5,5.3,4.2,19.4,19.6,95.7,4.8,
2011-12,Golden State Warriors,66,23,43,48.2,37.3,82.3,45.3,7.1,19.4,36.5,19.5,26.1,74.7,13.2,32.7,45.8,23.1,14.8,7.6,5,5.5,16.6,21.4,101.2,3.4,
2011-12,Houston Rockets,66,34,32,48.7,37.5,82.2,45.6,5.6,17.2,32.5,17.3,22.6,76.6,11,30.7,41.8,20,14.7,7.5,5.2,4.8,18.4,20.4,97.9,-0.2,
2011-12,Indiana Pacers,66,42,24,48.5,34.9,80.4,43.5,6.7,19.1,35.1,17.9,24.5,72.9,12,30.3,42.3,19.6,14.9,6.6,6,5.4,21.6,21.7,94.4,-3.3,
2011-12,Los Angeles Clippers,66,40,26,48.4,34.5,77.2,44.7,7,19.1,36.5,19,25.4,74.6,10.8,29,39.8,20.7,14.6,6,4.5,4.8,21.2,21.2,95,-2.6,
2011-12,Los Angeles Lakers,66,41,25,48.7,37.8,86.4,43.7,6.7,19.3,34.8,13.7,18.4,74.2,11.5,29.5,41,21.9,11.3,8.4,4.6,5.3,20.2,16.8,95.9,-1.4,
2011-12,Memphis Grizzlies,66,41,25,48.3,34.5,77.8,44.4,6.3,18.3,34.5,17.6,23.1,76.4,11,29.6,40.7,19.3,17.1,7.8,5.5,5.2,19.3,19.9,93,-2,
2011-12,Miami Heat,66,46,20,48.6,34.6,79.8,43.4,7.3,20,36.3,16,22.1,72.5,11,28.7,39.8,19.7,16.8,8.3,4.2,5.4,20.5,19.4,92.5,-6,
2011-12,Milwaukee Bucks,66,31,35,48.1,37.1,82.6,44.9,6.6,18.9,35.1,17.9,23.3,76.9,12.3,32.4,44.7,21.7,15.9,7.6,4.5,5.1,19.4,19.3,98.7,-0.3,
2011-12,Minnesota Timberwolves,66,26,40,48.3,39,85.7,45.5,6.2,18.1,34,16,21.2,75.5,11.7,31.8,43.4,21.5,13.3,8.3,5.7,4.4,21.7,18.4,100.1,2.2,
2011-12,New Jersey Nets,66,22,44,48.2,37.9,80.2,47.2,6.5,17.4,37.4,16.8,22.6,74,11.8,30.8,42.6,23.3,14.3,8,5,3.9,19.3,19.2,99.1,6,
2011-12,New Orleans Hornets,66,21,45,48.3,34.9,78.6,44.4,6.4,20.3,31.7,17.1,22.5,75.9,11.1,28.9,40,20.9,13.9,7.9,5.8,4.8,18.7,20.1,93.4,3.8,
2011-12,New York Knicks,66,36,30,48.3,35.1,79.4,44.2,6.7,18.8,35.9,17.7,24.1,73.6,10.9,31,41.8,18.9,17,8.1,5.1,4.2,21.8,21.1,94.7,-3.2,
2011-12,Oklahoma City Thunder,66,47,19,48.5,36.4,85.3,42.7,6.4,18.7,34.2,17.7,23,76.8,12.7,28.6,41.3,19.9,14.2,8.2,4.9,8.2,20,20.5,96.9,-6.1,
2011-12,Orlando Magic,66,37,29,48.4,35.9,80.1,44.9,6.3,18.1,34.7,15.2,19.7,77.2,10.1,31.2,41.3,20.5,13.1,7.5,4.1,4.2,19.8,17.7,93.4,-0.8,
2011-12,Philadelphia 76ers,66,35,31,48.2,34.3,80.3,42.7,5.4,16.2,33.4,15.4,20.5,75.2,10.7,33,43.7,19.6,13.9,5.9,4.8,5.2,16.2,17.5,89.4,-4.2,
2011-12,Phoenix Suns,66,33,33,48,38,83.5,45.5,6,17.1,35.2,16.7,21.9,76.2,12.2,31.3,43.4,21.5,14.1,8,4.4,5.5,19.6,18.7,98.6,0.2,
2011-12,Portland Trail Blazers,66,28,38,48.4,37.5,81,46.3,6.7,18.4,36.3,16.1,21.5,74.7,11.1,31.2,42.3,21.1,14.9,7.6,4.8,4.9,19.8,19,97.8,0.6,
2011-12,Sacramento Kings,66,22,44,48.2,40.4,85,47.6,6.7,18.7,35.5,16.9,22.2,76.2,12.3,32.6,45,23.8,15.4,7.8,6.4,4.9,19.9,19.5,104.4,5.7,
2011-12,San Antonio Spurs,66,50,16,48.3,38.1,84.2,45.2,6.2,17.7,35.3,14.1,18.7,75.6,10.3,30.9,41.2,19.6,13.7,7.4,5,4.4,18.8,17.3,96.5,-7.2,
2011-12,Toronto Raptors,66,23,43,48.4,33.8,77.7,43.5,6.1,18.5,32.8,20.2,27.2,74.4,10.3,30.3,40.5,20.1,13.2,7.2,4.9,4.9,18.4,23.2,94,3.3,
2011-12,Utah Jazz,66,36,30,49,36.4,80.5,45.3,6.5,19.1,34,19.7,26.2,75.4,11,30.1,41.2,20.5,14.7,7.5,5.7,5.8,20.7,21.8,99,-0.6,
2011-12,Washington Wizards,66,20,46,48.1,36.7,81.1,45.3,6.5,18.4,35,18.6,24.5,75.8,12.3,31.2,43.5,21.5,15.2,7.9,4.5,6.3,18.7,21.3,98.4,4.8,
2010-11,Atlanta Hawks,82,44,38,48.1,36.7,79.7,46,5.6,16.6,33.8,16.8,21.7,77.4,10.2,30.3,40.6,21.4,12.5,6.7,4.2,4.2,18.5,19,95.8,0.8,
2010-11,Boston Celtics,82,56,26,48.2,33.8,77.7,43.4,5.4,15.9,34,18.2,24.1,75.6,10.5,29.1,39.6,18.7,15.4,7,4.4,4.2,20.2,20.5,91.1,-5.4,
2010-11,Charlotte Bobcats,82,34,48,48.3,36,79.2,45.5,7,19.6,35.9,18.2,23.3,78,9.8,29.8,39.6,21.7,13.2,7.3,6,5.3,21.1,20,97.3,4,
2010-11,Chicago Bulls,82,62,20,48.4,34.2,79.5,43,5.2,16,32.6,17.7,23.1,76.4,10.1,28.3,38.4,19,14.1,6.9,5.8,5.7,20.1,20,91.3,-7.3,
2010-11,Cleveland Cavaliers,82,19,63,48.2,39.4,83,47.5,8.1,19.7,41.1,17.5,23.1,75.9,10.9,32.6,43.5,24.2,13.5,7.5,6,4.2,21.3,20.1,104.5,9,
2010-11,Dallas Mavericks,82,57,25,48.1,36.5,81.2,45,6.2,18,34.3,16.7,22.3,75,10.7,30,40.7,20.6,13.6,7.6,3.7,4.3,20.1,19.2,96,-4.2,
2010-11,Denver Nuggets,82,50,32,48.1,38.5,83.9,45.9,7,20.4,34.4,18.8,24.8,75.6,10.5,30.8,41.3,22.2,13.7,7.5,6,4.3,22.7,21,102.7,-4.8,
2010-11,Detroit Pistons,82,30,52,48.5,37.9,78.1,48.6,6.4,17.8,35.8,18.3,23.9,76.6,10.6,30.1,40.7,23.3,14.1,6.9,4.6,4,18.8,19.9,100.6,3.6,
2010-11,Golden State Warriors,82,36,46,48.4,38.7,82.8,46.7,6.9,19.3,35.8,21.4,27.6,77.6,12.8,32,44.8,24.7,16.1,8.2,4.3,5,18.4,22,105.7,2.3,
2010-11,Houston Rockets,82,43,39,48.5,39.8,85.1,46.8,5.5,15.2,35.8,18.6,23.8,78.1,11.6,31.1,42.8,20.8,13.7,7.2,5.5,4.5,21.4,20,103.7,-2.2,
2010-11,Indiana Pacers,82,37,45,48.2,37.5,83.4,44.9,6.2,17.4,35.9,19.7,26.3,75,11.4,31.9,43.3,20.4,13.9,7.5,5.7,5.6,21.4,21.7,100.9,1.1,
2010-11,Los Angeles Clippers,82,32,50,48.4,37.1,81.6,45.5,7.1,19.5,36.5,20.4,26.4,77.1,11.1,29.4,40.5,22.3,13.7,8,4.9,4.9,22.1,21.1,101.8,3.1,
2010-11,Los Angeles Lakers,82,57,25,48.4,36.7,84,43.7,6.8,20.3,33.5,15.2,19.9,76.5,12.2,29.3,41.5,22.3,13.6,7.1,4.5,5.1,20.7,19,95.4,-6.1,
2010-11,Memphis Grizzlies,82,46,36,48.5,36.2,79.1,45.7,7.2,19.4,36.9,18.1,23.8,76.1,11,29.1,40.1,21,16.7,7.5,6.2,5.4,21.4,20.8,97.6,-2.3,
2010-11,Miami Heat,82,58,24,48.2,35,80.7,43.4,6.7,19.3,34.5,18,24.1,74.4,10.5,28.6,39.2,20.1,13.2,7,3,5.2,21.8,20.4,94.6,-7.5,
2010-11,Milwaukee Bucks,82,35,47,48.4,34.6,77.3,44.7,5.3,16,33.4,18.3,23.7,77,10.2,32.1,42.3,20.2,15.2,6.2,4.8,4.9,20.7,20.5,92.7,0.8,
2010-11,Minnesota Timberwolves,82,17,65,48.2,39.4,84.2,46.8,7.8,20.8,37.4,21.1,27.2,77.8,11.1,31.4,42.6,24.8,14.4,9.5,5.5,5.1,20.9,22.3,107.7,6.6,
2010-11,New Jersey Nets,82,24,58,48.8,37.4,80.5,46.5,6.2,17,36.4,19.4,25.8,75.1,10.4,31.4,41.8,22.2,12.3,6.8,4.6,4.7,20,22,100.4,6.2,
2010-11,New Orleans Hornets,82,46,36,48.4,35.1,76.9,45.7,6.8,19,35.7,17,22,77,9.4,30,39.3,21.2,14.5,6.1,4.8,4.4,20.4,21,94,-0.9,
2010-11,New York Knicks,82,42,40,48.2,39.5,83.8,47.2,6.5,17.6,37.2,20.1,26.4,76.2,11.8,32.3,44,20.5,15.2,7.1,4.4,5.8,20.8,21.3,105.7,-0.8,
2010-11,Oklahoma City Thunder,82,55,27,48.8,38.1,83.2,45.8,5.9,16.3,36.1,19,25.5,74.4,11.4,29.2,40.6,20.9,14,7.2,4.3,5.9,21.5,22.4,101,-3.8,
2010-11,Orlando Magic,82,52,30,48.4,34.9,80.1,43.6,6.3,18,35,17.6,23.7,74.3,9.8,29.9,39.7,20.1,13.9,7.4,3.8,4.7,21.8,20,93.7,-5.5,
2010-11,Philadelphia 76ers,82,41,41,48.6,36.5,81,45.1,5.7,16.8,34,18.7,24.2,77.3,10.7,31.8,42.5,21.5,14.2,7.1,4.6,4.3,18.8,19.4,97.5,-1.5,
2010-11,Phoenix Suns,82,40,42,48.8,40.4,85.6,47.2,7.1,19.5,36.7,18.1,24,75.4,12,32.3,44.3,23,14.5,7.9,4.3,4.4,21.2,20.3,105.9,0.9,
2010-11,Portland Trail Blazers,82,48,34,48.3,35.4,75.8,46.7,6.5,17.6,36.7,17.5,22.8,76.7,10.6,29.1,39.7,19.2,15.7,6.9,4.1,4.4,21.3,19.3,94.8,-1.5,
2010-11,Sacramento Kings,82,24,58,48.4,39.8,83.2,47.8,5.9,16.5,35.5,19.4,25.4,76.2,10.6,30.6,41.2,21.7,14.7,8.1,5.7,4.8,21,22,104.7,5.3,
2010-11,San Antonio Spurs,82,61,21,48.2,38.1,83.7,45.6,5.8,15.9,36.7,15.9,20.7,76.6,10.8,30.4,41.2,20.5,13.4,6.9,4.6,4.5,20.7,19,98,-5.7,
2010-11,Toronto Raptors,82,22,60,48.2,39.2,81.3,48.2,6.6,17.5,37.6,20.4,26.5,76.9,11.1,30,41.1,22.6,13.9,7.6,5.6,4.3,19.8,22,105.4,6.3,
2010-11,Utah Jazz,82,39,43,48.5,36.2,78.8,45.9,7.2,19.2,37.6,21.7,27.9,77.8,11.3,29.6,40.9,20.7,14.6,7.4,5,5.9,22,22.7,101.3,1.8,
2010-11,Washington Wizards,82,23,59,48.6,38.7,82.2,47.1,6.8,18.3,37.3,20.4,26.9,76.1,12.1,31.8,43.9,23.1,15.8,7.6,5,6.1,20.3,22.6,104.7,7.4,
2009-10,Washington Wizards,82,26,56,48.4,37.6,81.3,46.3,6.4,17.9,36,19.4,25.5,76.1,11.4,30.9,42.3,21.6,13.6,6.9,5.1,5.1,20.5,21.4,101,4.8,
2009-10,Utah Jazz,82,53,29,48.2,35.5,78.9,44.9,6.7,19,35.4,21.2,27.9,76.2,10.2,29,39.2,19.9,15.1,7.7,5.4,4.9,22.2,22.7,98.9,-5.3,
2009-10,Toronto Raptors,82,40,42,48.2,39,83.2,46.8,7.4,20.3,36.6,20.5,26.2,78.4,11.4,29.9,41.3,23,12.7,7.1,4.4,4.7,21.1,22.2,105.9,1.8,
2009-10,San Antonio Spurs,82,50,32,48.2,36.9,81.6,45.2,5,14.6,34.3,17.5,23.1,75.6,9.9,29.6,39.5,19.2,12.6,6.9,5.1,4.6,20.4,20.4,96.3,-5.1,
2009-10,Sacramento Kings,82,25,57,48.5,39,83.3,46.9,6.1,17,35.7,20.3,26.2,77.4,11.1,31,42,20.5,13.7,7.1,5.7,4.5,20.1,22.3,104.4,4.4,
2009-10,Portland Trail Blazers,82,50,32,48.4,36,77.5,46.4,5.9,17.1,34.3,17,22.8,74.5,9.8,28.3,38.1,19.3,13.5,5.9,4.1,4.3,21.5,20.9,94.8,-3.3,
2009-10,Phoenix Suns,82,54,28,48.1,39.5,87.4,45.2,6.8,19.3,35.5,19.6,25.8,76,13.2,29.2,42.3,20.8,13,7.9,4.5,5.1,21.8,20.9,105.3,-4.9,
2009-10,Philadelphia 76ers,82,27,55,48.3,37.9,80.2,47.2,7.4,18.8,39.3,18.5,24.2,76.6,10.8,30.1,41,22.1,14.5,7.6,4,5.4,18.7,20.5,101.6,3.9,
2009-10,Orlando Magic,82,59,23,48.1,36,82.2,43.8,6.4,17.5,36.3,16.8,22.3,75.4,9.8,30.3,40,18.9,12.8,6.7,3.5,5.6,22.2,19.9,95.3,-7.5,
2009-10,Oklahoma City Thunder,82,50,32,48.3,36.7,81.9,44.8,5.9,17.2,34,18.8,24.6,76.4,11.4,29.2,40.7,19.7,15.1,7.5,4.7,5.9,21.4,21.3,98,-3.5,
2009-10,New York Knicks,82,29,53,48.5,40.9,84.2,48.6,6.7,19.2,35.2,17.4,23.1,75.4,11.7,33.2,44.9,21,14.4,7.1,4.5,3.7,19.2,20,105.9,3.8,
2009-10,New Orleans Hornets,82,37,45,48.4,39.6,82.1,48.3,6.6,18.5,35.5,16.9,22.5,75.1,10.6,31.5,42.1,23.5,14.4,7,4.5,3.7,19.5,19.6,102.7,2.5,
2009-10,New Jersey Nets,82,12,70,48.2,38.7,80.4,48.1,5.7,15.6,36.6,18.4,24.6,74.8,11.3,32.7,44,23.9,14,7.8,5.1,4.8,20.1,20,101.5,9.1,
2009-10,Minnesota Timberwolves,82,15,67,48.2,40.8,84.9,48,7.5,20.6,36.6,18.7,24.2,77.4,11.2,32.2,43.4,25.6,14.3,8.8,5.4,3.7,20.6,20.7,107.8,9.6,
2009-10,Milwaukee Bucks,82,46,36,48.7,35,77.6,45.1,5.3,15.6,34.3,20.6,27,76.5,9.6,33.2,42.8,19.3,15.3,7,5.1,4.7,20.3,22.2,96,-1.7,
2009-10,Miami Heat,82,47,35,48.5,34.3,78.1,43.9,6.4,18.7,34.2,19.2,25.5,75.4,10.4,30.3,40.7,18.8,14.4,6.3,4.3,5.6,20,20.9,94.2,-2.3,
2009-10,Memphis Grizzlies,82,40,42,48.5,40,83.5,47.8,7,19.7,35.4,17.1,22.7,75.5,11.1,28.6,39.7,22.9,14.2,7.7,6.1,4.9,22.4,20.2,104,1.5,
2009-10,Los Angeles Lakers,82,57,25,48.4,37.2,83.4,44.6,6.3,19.3,32.8,16.2,21.7,75,11.1,31,42.2,21.9,14.1,7,4.4,4.9,21.2,19.4,97,-4.7,
2009-10,Los Angeles Clippers,82,29,53,48.1,38.9,82.8,47,6.5,17.8,36.3,17.7,23.3,76.2,10.7,30.4,41.1,23.5,12.9,8.4,4.4,5.7,19.4,19.3,102.1,6.4,
2009-10,Indiana Pacers,82,32,50,48.1,38,83.8,45.3,6.2,17.1,36.3,21.6,28.6,75.6,11.8,34.8,46.6,20.7,15,8,5,5.4,20.8,22.5,103.8,3,
2009-10,Houston Rockets,82,42,40,48.5,39.5,83,47.5,6,16.4,36.4,17.9,23.4,76.4,10.7,32.1,42.8,20.9,14.7,7.3,6.5,3.9,22.4,20.9,102.7,0.4,
2009-10,Golden State Warriors,82,26,56,48.1,41.6,85.8,48.5,6.9,18.5,37.5,22.3,29.1,76.7,13.4,34.7,48.1,24.1,17.6,7.9,5,4.1,21.4,23,112.4,3.6,
2009-10,Detroit Pistons,82,27,55,48.2,36.2,75.3,48,6.9,18.5,37.5,19.9,25.9,76.7,9.9,29.5,39.4,23.1,14.3,6.7,4.9,3.8,20.8,22.2,99.1,5.1,
2009-10,Denver Nuggets,82,53,29,48.2,37.7,82.5,45.6,6.4,18.3,34.9,20.7,26.9,76.8,11.6,30.6,42.3,21,15.1,7,5.3,5.1,23.7,22.5,102.4,-4.1,
2009-10,Dallas Mavericks,82,55,27,48.5,37.9,83,45.7,6.4,18.5,34.7,17.1,22.5,75.8,11.2,31.6,42.9,20.2,14.6,6.9,4.1,5.5,20.1,19.1,99.3,-2.7,
2009-10,Cleveland Cavaliers,82,61,21,48.2,35.8,80.9,44.2,6.4,18.4,34.7,17.6,23.3,75.7,9.7,28.9,38.5,20.3,12.7,6.6,4,5.2,20.8,19.4,95.6,-6.5,
2009-10,Chicago Bulls,82,41,41,48.5,37.1,84,44.2,7.1,20.5,34.8,17.8,23.9,74.4,11.2,31.6,42.7,20.9,13.3,7,5.3,5.8,20,20.1,99.1,1.6,
2009-10,Charlotte Bobcats,82,44,38,48.5,35.7,79.7,44.8,7,20.7,33.8,15.5,20.9,74.3,10.6,29,39.6,20.3,15.3,7.5,6.1,5.4,22,19.5,93.8,-1.5,
2009-10,Boston Celtics,82,50,32,48.2,35.1,77.9,45.1,5.7,16.8,34.2,19.6,26.2,74.6,10.6,29.5,40.1,19.3,15.6,7,4.7,4.9,21.7,22.1,95.6,-3.7,
2009-10,Atlanta Hawks,82,53,29,48.4,37.2,80.8,46,5.9,17,34.5,16.8,22.6,74.5,11.2,30.1,41.4,21,13.8,6.2,4.4,5,19.3,19.9,97,-4.7,
2008-09,Washington Wizards,82,19,63,48.1,38.6,80.1,48.2,8.2,21.2,38.7,18.1,23.9,75.9,11.4,30.4,41.8,24.6,13.9,7.2,5.3,4.5,20,20.5,103.5,7.5,
2008-09,Utah Jazz,82,48,34,48.5,36.8,79.4,46.4,6.5,18,36.1,20.8,27.2,76.3,11.1,29.2,40.3,20,16.1,8,5.2,4.6,24,22.3,100.9,-2.6,
2008-09,Toronto Raptors,82,33,49,48.3,38.7,83.3,46.5,7.7,20.9,36.7,16.8,21.5,78.4,10.9,31,41.9,23,13.3,6.4,4.7,4.8,20.1,19.4,101.9,2.8,
2008-09,San Antonio Spurs,82,54,28,48.5,36.3,80.1,45.3,5.5,14.4,37.9,15.3,19.9,76.9,9.1,31.3,40.4,18.1,11.7,6.5,4.3,4,18.4,18.9,93.3,-3.8,
2008-09,Sacramento Kings,82,17,65,48.5,40,82.8,48.3,7.1,17.4,40.6,22.2,29.4,75.6,12.4,31.6,44,21.9,14.4,8.6,5.2,4.3,21.2,23.3,109.3,8.8,
2008-09,Portland Trail Blazers,82,54,28,48.4,35.4,76.9,46,5.9,15.9,37.4,17.4,21.7,80.3,9.6,26.7,36.3,19.4,13.2,6.3,3.9,4.9,21.1,20.4,94.1,-5.3,
2008-09,Phoenix Suns,82,46,36,48.2,40,85.7,46.7,7.6,19.9,38.3,19.9,25.7,77.5,12.1,28.7,40.8,21.2,14.2,8.6,4.5,5.1,22.9,20.6,107.5,-1.9,
2008-09,Philadelphia 76ers,82,41,41,48.2,36.5,79.1,46.2,7.1,19.5,36.7,17.1,21.9,78.2,11.4,27.9,39.3,21.9,15.6,7,4.9,5.1,21.8,20.1,97.3,-0.1,
2008-09,Orlando Magic,82,59,23,48.1,35.8,82.7,43.3,5.4,15.8,34.2,17.3,23,75.5,10.5,31.6,42.1,18.1,13.1,6.9,3.8,5.4,22.4,20.3,94.4,-6.7,
2008-09,Oklahoma City Thunder,82,23,59,48.3,39.4,82.9,47.5,6.4,17.5,36.4,17.9,23.5,76.1,10.8,30.4,41.2,21.6,13.9,8.5,5,4.5,20.2,20.2,103.1,6.1,
2008-09,New York Knicks,82,32,50,48.3,41.2,85.9,48,7,19.8,35.1,18.5,24.4,75.8,11.6,34.5,46.1,21.6,14.5,8,5.3,2.5,19.4,20.4,107.8,2.6,
2008-09,New Orleans Hornets,82,49,33,48.2,34.8,77.2,45,7,19.8,35.4,17.7,22.9,77.3,10,30,40,20.1,13.3,5.8,3.5,4.1,20.4,20.3,94.3,-1.5,
2008-09,New Jersey Nets,82,34,48,48.4,36,77.9,46.2,7.3,18.7,39.1,21.2,27.8,76.2,10.6,30.8,41.4,21.9,13.5,6.9,4.8,4.8,20.5,22.4,100.5,2.4,
2008-09,Minnesota Timberwolves,82,24,58,48.3,37.9,80,47.4,6.5,17.3,37.7,20.3,26.2,77.8,9.9,31,40.9,21.5,12.5,7.4,5.9,3.9,20,21.8,102.7,4.9,
2008-09,Milwaukee Bucks,82,34,48,48.2,34.8,76,45.8,6.9,18.1,37.8,23.9,30.2,79.1,10.1,30.8,41,21.1,16.5,7.5,4.6,3.8,22.5,24.2,100.4,1.1,
2008-09,Miami Heat,82,43,39,48.7,35.6,78.2,45.5,7.2,18.5,38.9,19.6,25.4,77.1,10.9,30.9,41.9,20.1,15.2,6.4,4.1,5.5,19.9,20.7,98,-0.3,
2008-09,Memphis Grizzlies,82,24,58,48.3,36.8,77.8,47.3,6.5,18.4,35.5,19.2,24.9,77,10.3,29.6,39.9,21.2,14.6,7.7,5.4,4.7,21.8,21.7,99.3,5.5,
2008-09,Los Angeles Lakers,82,65,17,48.2,37.2,83.2,44.7,7.1,20.7,34.5,17.7,23.5,75.3,11.7,29.8,41.5,22.6,15.5,7.7,4.8,5.1,22.1,20.7,99.3,-7.7,
2008-09,Los Angeles Clippers,82,19,63,48.5,39.2,83,47.3,6.5,17.5,37.5,18.9,24.8,76,11.7,32.4,44.1,23.8,13.3,8,5,5.9,19.6,20.1,103.9,8.8,
2008-09,Indiana Pacers,82,36,46,48.4,38.3,83.7,45.8,6.9,18.5,37.5,22.6,29.6,76.4,11.1,33,44.1,21.1,14,7.7,5.4,5.3,20.6,23.1,106.2,1.1,
2008-09,Houston Rockets,82,53,29,48.3,36.5,82.1,44.4,5.7,15.8,35.7,15.8,21.1,74.9,10.6,29.3,39.9,19.8,12.3,7.2,5.3,4.3,20.6,18.9,94.4,-4,
2008-09,Golden State Warriors,82,29,53,48.5,41.5,88.7,46.8,7.1,18.7,38,22.3,28.6,77.9,14.2,32.9,47.1,24.1,15,7.9,5,6.4,23.5,22.5,112.3,3.7,
2008-09,Detroit Pistons,82,39,43,48.5,35.1,77.8,45.1,5.3,15,35.4,19.3,24.9,77.5,10.5,29.9,40.4,20.1,11.8,5.6,4.2,4.6,19.7,20.9,94.7,0.5,
2008-09,Denver Nuggets,82,54,28,48.1,36.2,82.2,44,7.3,20,36.6,21.2,27.2,78.2,12.1,29.2,41.2,21.4,15.4,7.9,5.5,6,23.7,22.9,100.9,-3.4,
2008-09,Dallas Mavericks,82,50,32,48.3,37.5,82.3,45.5,6.3,16.8,37.5,18.6,23.3,79.8,10.8,30.6,41.4,19.6,13,7.2,4.1,5.2,20.1,19.5,99.8,-2,
2008-09,Cleveland Cavaliers,82,66,16,48.2,33.8,78.6,43.1,5.9,17.6,33.3,17.8,23.1,77,10.7,28.2,38.9,19.1,13.9,6.3,4.1,5.3,20.3,20.3,91.4,-8.9,
2008-09,Chicago Bulls,82,41,41,48.6,38.3,83.7,45.8,5.9,17.1,34.7,19.9,25.3,78.6,12.4,30.4,42.8,21,14.4,7.6,5.5,5.5,20.8,20.8,102.5,0.3,
2008-09,Charlotte Bobcats,82,35,47,48.6,35.2,77.4,45.4,6.8,18.6,36.6,17.8,23.5,75.6,10.7,28.2,38.9,19.6,14.7,7.6,6,4.8,20.9,21.4,94.9,1.3,
2008-09,Boston Celtics,82,62,20,48.5,33.7,78.3,43.1,6.2,17.7,34.9,19.8,25.7,77.1,10.2,27.4,37.6,18.9,14.6,7.1,4.7,4.7,22.2,23.1,93.4,-7.5,
2008-09,Atlanta Hawks,82,47,35,48.1,36.6,80.6,45.4,6.4,18.2,35.3,16.9,22,76.9,11.6,30.3,41.9,20.8,13.7,6.5,4.3,4.6,20.5,19.6,96.5,-1.6,
2007-08,Atlanta Hawks,82,37,45,48.4,38,82.1,46.3,6.2,17.2,36.2,17.8,23.7,75.2,11.8,29.1,40.9,22.3,13.7,7.5,5.1,5.5,21.9,20.4,100,1.8,
2007-08,Boston Celtics,82,66,16,48.2,32.4,77.3,41.9,5.9,18.7,31.6,19.6,26.3,74.3,11,27.9,38.9,18.8,16,7.2,4.7,4.6,22.2,22.7,90.3,-10.3,
2007-08,Charlotte Bobcats,82,32,50,48.5,38,81.5,46.6,6.3,17.8,35.5,19.2,25.6,74.7,12.2,31.6,43.7,21.8,14.4,7.6,5.8,4.9,21,21.7,101.4,4.4,
2007-08,Chicago Bulls,82,33,49,48.3,36.4,80.3,45.3,7,18.6,37.5,20.7,27,76.6,11.1,31.5,42.6,21.9,15.3,7.9,5.7,5.2,21.3,21.8,100.4,3.1,
2007-08,Cleveland Cavaliers,82,45,37,48.4,35.8,78.8,45.5,6.2,17.3,35.7,18.9,25.2,74.8,9.9,30.5,40.4,21,13.3,6.8,4.7,5.2,20.3,20.9,96.7,0.4,
2007-08,Dallas Mavericks,82,51,31,48.1,35.4,79.9,44.3,5,14.2,34.9,20.1,26.4,76,10.8,29.5,40.3,18.9,12.2,6.5,4.4,4.9,21.2,21.8,95.9,-4.5,
2007-08,Denver Nuggets,82,50,32,48.4,40.7,89.1,45.7,7.6,20.9,36.3,18.1,24.7,73,12.7,32.7,45.4,25.7,16.4,7.9,4.8,6.7,23.8,21.1,107,-3.7,
2007-08,Detroit Pistons,82,59,23,48.1,33.3,76.1,43.7,5,15,33.2,18.6,25,74.4,10.5,28.6,39.1,19.1,13.5,5.8,3.9,5.8,19.7,20.6,90.1,-7.4,
2007-08,Golden State Warriors,82,48,34,48.2,39.9,85.3,46.8,7,19,36.8,22,29,75.9,12.8,34.2,47,23.6,16.9,6.9,5,4.6,21.2,22.9,108.8,-2.2,
2007-08,Houston Rockets,82,55,27,48.1,34.8,80.4,43.3,5.3,14.5,36.5,17.2,23.3,73.7,10.9,29.8,40.7,18.9,13.3,7.6,4.6,5.1,19.7,19.6,92,-4.7,
2007-08,Indiana Pacers,82,36,46,48.2,37.7,83.1,45.4,7.4,19.2,38.6,22.6,29.8,75.7,11.3,34.1,45.5,22.2,15.8,8.1,5.1,5,21.7,23.4,105.4,1.4,
2007-08,Los Angeles Clippers,82,23,59,48.3,38,81.3,46.7,5.9,17,34.9,19.2,25.6,75.1,11.2,32.4,43.6,22.4,13.6,7.2,4.7,4.9,21.6,21.3,101.1,7.3,
2007-08,Los Angeles Lakers,82,57,25,48.2,38.1,85.6,44.5,6.8,18.7,36.2,18.3,24.3,75.2,12,30.7,42.8,21.9,14.2,7.7,4.5,5.3,22.6,20.6,101.3,-7.3,
2007-08,Memphis Grizzlies,82,22,60,48.3,41.4,86.3,48,7.2,19.8,36.4,16.9,21.8,77.4,11.4,33.2,44.5,23.9,13.4,8.7,4.9,4.7,22.5,19.4,106.9,6.2,
2007-08,Miami Heat,82,15,67,48.4,36.9,79,46.8,6.7,18.3,36.9,19.4,25.7,75.5,11.2,31.9,43.1,22.2,14.2,7.7,4.2,4.3,20.1,20.4,100,8.6,
2007-08,Milwaukee Bucks,82,26,56,48.4,38.4,80,48,7.2,18.7,38.4,20,26.1,76.6,10.6,30,40.7,23.3,13.7,7.9,4.9,4.4,21.1,21.3,103.9,6.9,
2007-08,Minnesota Timberwolves,82,22,60,48.1,37.3,79,47.2,6.6,18.5,35.7,21.2,27.6,76.9,10.6,31,41.7,23.2,13.5,7.4,5.7,3.7,17.5,23,102.4,6.8,
2007-08,New Jersey Nets,82,34,48,48.4,36.4,79.8,45.6,6.5,17.7,36.9,21.6,28.2,76.8,10.9,30.7,41.6,22.1,13.4,8.1,4.4,4.8,22.4,22.6,100.9,5.1,
2007-08,New Orleans Hornets,82,56,26,48.3,37,80.5,46,6.6,18.9,35.1,14.8,19.3,77.1,9.9,30.9,40.8,21.7,13.9,5.7,4,3.9,19.2,18.7,95.6,-5.3,
2007-08,New York Knicks,82,23,59,48.5,38.8,81.8,47.4,7.2,19.4,36.9,18.7,25.3,73.9,11.3,31.4,42.6,21.6,12.8,7.6,5.2,2.6,20.3,21.5,103.5,6.6,
2007-08,Orlando Magic,82,52,30,48.2,37.3,83.6,44.6,6.3,17.6,35.8,18.2,24.1,75.4,11,30.7,41.7,21.5,13.2,7.1,4.2,4.1,23.1,20.6,99,-5.5,
2007-08,Philadelphia 76ers,82,40,42,48.2,36.6,79.3,46.1,6.8,18.9,36,16.2,21,77.2,11.3,28,39.2,23.2,15.7,6.7,5.1,4.9,20.8,19.8,96.2,-0.4,
2007-08,Phoenix Suns,82,55,27,48.2,41.1,90,45.6,5.7,16.2,35.3,17.2,22.9,74.9,13.4,30.5,43.9,19.6,13.4,7.3,3.8,6.3,21.1,19.9,105,-5,
2007-08,Portland Trail Blazers,82,41,41,48.5,36.4,80.7,45.1,6.5,18.3,35.6,17.1,22.3,76.6,11.7,30.1,41.7,20.9,12.5,6,3.7,4.4,20.2,20,96.3,1,
2007-08,Sacramento Kings,82,38,44,48.4,38.3,82.1,46.6,7.3,19.5,37.3,21,27.9,75.3,11.8,30.1,41.9,22.9,15.2,8.1,5.5,4.1,23.1,22.4,104.8,2.3,
2007-08,San Antonio Spurs,82,56,26,48.1,34.8,78.4,44.4,5.1,15,34.2,15.8,20.9,75.6,9.5,30.8,40.3,18.2,12.9,6.9,4.4,4.1,19.8,18.7,90.6,-4.8,
2007-08,Seattle SuperSonics,82,20,62,48.4,40.1,87,46.1,7.4,19.2,38.5,18.7,25,74.9,11.7,32.4,44.1,24.4,13.2,8.6,5.4,4.9,19.6,20.5,106.3,8.8,
2007-08,Toronto Raptors,82,41,41,48.4,36.7,80.1,45.8,7.5,20.5,36.8,16.4,21.1,77.6,10.1,31.5,41.6,21.9,14,5.7,4.1,4.1,18.4,19.5,97.3,-2.9,
2007-08,Utah Jazz,82,54,28,48.1,35.3,76.7,46.1,6.2,17.3,35.7,22.5,30.1,74.9,10.3,27.5,37.8,19.9,15.9,7.5,5.1,4.3,23.1,24,99.3,-6.9,
2007-08,Washington Wizards,82,43,39,48.5,36.8,79.7,46.1,8.3,21.6,38.6,17.3,22.9,75.4,11,30.2,41.2,23.9,14,6.5,4.4,4.8,20.2,19.6,99.2,0.3,
2006-07,Washington Wizards,82,41,41,48.4,38.6,81.7,47.3,7.3,19.3,37.7,20.3,26.2,77.7,11.9,31.1,43,23.7,15.7,6.3,4.6,4.6,23.5,22.2,104.9,0.5,
2006-07,Utah Jazz,82,51,31,48.3,34.4,75.5,45.5,6.2,17.4,35.5,23.7,30.9,76.7,9.9,27.1,37,18.9,15,7.6,5.3,4.1,24.5,25.2,98.6,-2.9,
2006-07,Toronto Raptors,82,47,35,48.2,37.2,80.4,46.3,6.5,18.2,35.7,17.6,23.3,75.4,10.3,32.2,42.5,21.2,15.1,6,3.9,3.9,21.8,20.4,98.5,-1,
2006-07,Seattle SuperSonics,82,31,51,48.4,38.1,80.1,47.6,6.3,17.5,36.1,19.5,25.9,75.1,11.6,29.4,41,22.8,15,7.2,4.2,3.7,19.9,22,102,2.9,
2006-07,San Antonio Spurs,82,58,24,48.2,34.9,78.8,44.3,4.5,13.4,33.4,15.9,21.4,74,10.1,29,39.1,17.3,14.3,7.1,4.1,5.1,21.2,19.4,90.1,-8.4,
2006-07,Sacramento Kings,82,33,49,48.3,38.4,81.4,47.2,6.8,18.6,36.5,19.5,25.8,75.7,11.1,32.3,43.4,22.4,16.3,7,4.9,3.2,24.3,21.9,103.1,1.8,
2006-07,Portland Trail Blazers,82,32,50,48.7,36.1,76.7,47.1,5.7,15.8,36.1,20.5,26.3,77.8,10.4,28.6,39,20.8,13.7,6.6,4.6,4.6,21.3,23.5,98.4,4.3,
2006-07,Phoenix Suns,82,61,21,48.5,39.5,86.4,45.7,6.1,16.9,36.3,17.8,23.2,76.7,12.3,30.5,42.8,18.9,15.1,6.9,3.7,4.8,21.5,20.2,102.9,-7.3,
2006-07,Philadelphia 76ers,82,35,47,48.5,37.1,80.1,46.3,6.1,17.4,35.3,17.7,23.5,75.4,11.8,29.3,41.1,22.3,15.6,7.4,3.9,4.8,22,20.4,98,3,
2006-07,Orlando Magic,82,40,42,48.2,33.4,75.5,44.2,5.6,15.9,35.3,21.6,28.4,76,10.5,27,37.6,19.6,15,8.3,4.6,5.1,23.4,23.2,94,-0.8,
2006-07,New York Knicks,82,33,49,48.8,36.8,80.1,46,7,18.6,37.6,19.7,26,75.5,10.8,28,38.8,21.3,13.7,7.5,5,3.2,22.9,23.6,100.3,2.9,
2006-07,New Orleans/Oklahoma City Hornets,82,39,43,48.5,36.6,80.2,45.7,6.8,19.2,35.5,17,22.4,75.9,10.4,30.4,40.8,20.8,13.6,6.8,4.8,4.2,21.1,19.8,97.1,1.6,
2006-07,New Jersey Nets,82,41,41,48.5,35.5,79,45,6.3,17.7,35.7,21,27.6,76.2,10.6,30.8,41.4,22,14.5,7.1,4.5,3.3,23,22.8,98.3,0.8,
2006-07,Minnesota Timberwolves,82,32,50,48.8,37.5,81.6,46,6.3,18.1,34.8,18.4,24.2,76,11.7,29.7,41.4,21.7,14.2,7.1,4.4,4,20.5,21.4,99.7,3.7,
2006-07,Milwaukee Bucks,82,28,54,48.4,39,81.4,48,6.9,18.7,36.8,19.1,25.7,74.2,13,30.1,43,25.3,15.7,7.5,5.3,2.7,21,22.2,104,4.4,
2006-07,Miami Heat,82,44,38,48.4,35.3,79.5,44.4,6.5,18.2,35.5,18.5,24.9,74.2,11.2,30.1,41.3,20.2,14.5,6.9,3.8,5.4,21.8,21.3,95.5,0.9,
2006-07,Memphis Grizzlies,82,22,60,48.7,40.1,82.5,48.6,7,18,38.9,19.5,25.8,75.9,11.8,30.3,42,25.1,15.3,8.3,5.5,5,24.3,22.3,106.7,5.1,
2006-07,Los Angeles Lakers,82,42,40,48.9,37.8,81.9,46.1,6.4,17.8,35.8,21.5,28.3,76,11.6,30.6,42.2,21.9,14.7,7.9,5,5.1,23.4,23,103.4,0.1,
2006-07,Los Angeles Clippers,82,40,42,48.1,35.5,78.5,45.2,5.5,16.4,33.9,19.5,26.1,74.8,10.3,29,39.3,21,13.8,7.1,3.9,5.8,22.3,22.7,96.1,0.5,
2006-07,Indiana Pacers,82,35,47,48.2,35.7,78.2,45.7,5.3,14.3,37.2,21.2,28.2,75.3,11.2,30.5,41.6,20,15.7,7.9,5,5.5,23.7,23.3,98,2.4,
2006-07,Houston Rockets,82,52,30,48.4,34.1,79.3,42.9,5.8,16.4,35.1,18.3,24.4,74.9,9.8,31.1,40.8,19.4,14.2,7,4.3,4.1,19.9,20.9,92.1,-4.9,
2006-07,Golden State Warriors,82,42,40,48.2,38.7,83.8,46.2,7.4,20.3,36.6,22.1,29.5,75,13.1,33.3,46.4,24.7,18.6,8.3,4.9,5.7,22.3,23.6,106.9,0.3,
2006-07,Detroit Pistons,82,53,29,48.5,34.4,77.3,44.5,5,14.7,33.9,18.1,24.5,74,11.9,29.3,41.2,20.1,14.7,6.4,3.5,5.8,20.3,20.4,91.8,-4.2,
2006-07,Denver Nuggets,82,45,37,48.2,39.7,86.4,46,6.8,19.1,35.3,17.5,23.7,73.9,12.3,30,42.3,24.5,16.4,8.3,5.2,5.3,23.7,21.4,103.7,-1.6,
2006-07,Dallas Mavericks,82,67,15,48.2,34,76.1,44.7,4.6,13.1,34.9,20.2,27,74.6,10.2,27.9,38.1,17.9,14.5,6.9,3.8,5,22.1,22.4,92.8,-7.2,
2006-07,Cleveland Cavaliers,82,50,32,48.5,34.6,77.3,44.8,4.9,15,32.9,18.8,25.6,73.4,9.8,30,39.9,20.1,15.3,6.6,4.3,4.3,22,21.7,92.9,-3.8,
2006-07,Chicago Bulls,82,49,33,48.2,34.1,78.2,43.5,5.9,16.9,34.9,19.7,27.1,73,10.9,30,40.9,20.4,17.4,7.5,5.3,5.4,23.2,23.3,93.8,-5,
2006-07,Charlotte Bobcats,82,33,49,48.8,36.6,78.7,46.5,5.5,15.2,36.3,22,29.3,75,11.3,31.2,42.6,20.9,15.8,7.4,5.3,4.5,21.8,24.2,100.6,3.7,
2006-07,Boston Celtics,82,24,58,48.4,36.2,77.3,46.8,5.2,14.8,35.4,21.7,29,74.7,10.3,30.2,40.5,22.1,15.2,7.4,5.5,4.7,21.4,24,99.2,3.4,
2006-07,Atlanta Hawks,82,30,52,48.5,36,77.3,46.6,5.7,15.1,37.6,20.7,28.2,73.4,11.6,28.9,40.5,21.1,15.2,7.3,5.1,5.4,22.6,24,98.4,4.8,
2005-06,Atlanta Hawks,82,26,56,48.5,37.5,78.5,47.8,5.4,14.7,36.8,21.6,28.9,74.5,12,28.5,40.4,20.6,15,7.3,5.1,4.8,22.6,25,102,4.8,
2005-06,Boston Celtics,82,33,49,48.5,35.9,78.8,45.6,5.4,15.4,35.3,22.3,30,74.3,11.1,28.9,40,21.5,14.8,8.4,4.9,5.1,22.4,24.8,99.5,1.5,
2005-06,Charlotte Bobcats,82,26,56,48.5,37.4,78.2,47.8,5.6,15.7,35.6,20.5,27.9,73.7,11.5,32.5,44,22.9,17.9,7,5.4,4.3,23.5,23.9,100.9,4,
2005-06,Chicago Bulls,82,41,41,48.5,33.8,79.5,42.6,6.1,17.4,35.1,23.4,30.1,77.7,10.7,31,41.7,20.1,15,7.5,5.1,4.2,23,24.9,97.2,-0.6,
2005-06,Cleveland Cavaliers,82,50,32,48.4,36,79,45.5,5.6,15.7,35.6,17.8,24,74.2,9.8,29.5,39.4,20.3,13.2,6.6,4.4,4.8,22.5,21.1,95.4,-2.2,
2005-06,Dallas Mavericks,82,60,22,48.5,34.2,77.1,44.3,4.9,13.7,36.1,19.8,26.4,75.2,11.4,26.9,38.3,17.5,14,6.5,4.9,6,23.9,22.4,93.1,-6.1,
2005-06,Denver Nuggets,82,44,38,48.6,37.4,82.5,45.4,6.5,18,35.8,18.8,25.5,73.6,11.8,30.1,41.9,23.9,16.1,7.1,5.3,5.6,23.3,22.7,100.1,-0.2,
2005-06,Detroit Pistons,82,64,18,48.4,35.5,78.7,45.2,4,12.3,32.5,15.1,20.5,73.6,11.6,29.3,40.9,18.8,14,5.9,3.5,6,21,18.5,90.2,-6.7,
2005-06,Golden State Warriors,82,34,48,48.4,37.2,81.4,45.7,5.7,16.3,35.1,19.8,26.7,74.3,12,32.5,44.5,22.3,15.3,7,5,4.3,23.4,23.7,99.8,1.4,
2005-06,Houston Rockets,82,34,48,48.4,33,77,42.9,6.6,17.9,36.9,19,26,73.1,10.7,30.2,40.9,20.1,13.3,7.1,4.5,3.9,20.9,22.7,91.7,1.6,
2005-06,Indiana Pacers,82,41,41,48.1,34.5,79.3,43.5,4.5,13.2,34.3,18.4,25.1,73.3,11.8,29.5,41.3,18.5,13.6,8.1,4.9,5,22,22.2,92,-1.9,
2005-06,Los Angeles Clippers,82,47,35,48.3,35.2,81,43.5,5.8,16.7,34.7,19.4,26.5,73.2,10.5,29.7,40.1,21.5,12.8,7,4.3,6.1,21.7,22.8,95.6,-1.6,
2005-06,Los Angeles Lakers,82,45,37,48.4,35.9,79.8,45,5.8,16.4,35.3,19.3,25.9,74.7,10.9,29.3,40.1,21.1,14.1,6.5,4.3,4.3,23.5,23.1,96.9,-2.5,
2005-06,Memphis Grizzlies,82,49,33,48.4,32.8,75.3,43.6,5,14.9,33.4,17.9,23.7,75.4,11.3,29.3,40.6,19.6,14.8,7.3,5.6,5.4,22.8,21.4,88.5,-3.7,
2005-06,Miami Heat,82,52,30,48.2,35,79.6,44,6,16.6,36.1,20,27.1,73.9,10.1,28.8,38.8,19.5,13,6.8,3.6,5.4,23.6,22.8,96,-3.9,
2005-06,Milwaukee Bucks,82,40,42,48.4,36.2,77.8,46.6,6,16.9,35.4,20.4,27.3,74.7,10.1,30.2,40.3,22.5,14.4,7.4,5,3.3,23.6,23.2,98.8,1,
2005-06,Minnesota Timberwolves,82,33,49,48.4,34.8,79,44.1,5.5,15,36.4,18.6,25.3,73.6,11.9,29.4,41.3,19,13.9,6.6,4.6,5.7,21.2,23,93.6,1.9,
2005-06,New Jersey Nets,82,49,33,48.2,33.3,75.9,43.9,5.7,16.3,34.8,20.2,27.2,74.1,9.6,31.7,41.3,20,14.4,7.2,4,3.4,23,23.2,92.4,-1.4,
2005-06,New Orleans/Oklahoma City Hornets,82,38,44,48.3,35.2,76.7,45.9,6.7,18.1,36.7,18.7,24.6,76,10.5,30.5,41,19.3,14.6,6.4,5.3,3.8,23.3,21.8,95.6,2.8,
2005-06,New York Knicks,82,23,59,48.6,36.2,77.5,46.7,6.9,18.2,37.8,22.8,30.2,75.3,10.8,27.8,38.6,21.3,14.1,8.2,5.3,3.3,25.4,26.3,102,6.4,
2005-06,Orlando Magic,82,36,46,48.5,35,77.2,45.4,5.6,15.7,35.7,20.4,27.9,73.2,11.1,27.3,38.4,20,13.4,7.5,4.7,4.4,23.2,23.3,96,1.1,
2005-06,Philadelphia 76ers,82,38,44,48.5,37.8,81.7,46.3,6.1,17.3,35.1,19.6,25.7,76.2,11.9,30.9,42.8,23,15.5,7.7,4.7,4.9,23.1,20.9,101.3,2,
2005-06,Phoenix Suns,82,54,28,48.7,39.5,87.1,45.4,6.3,17.4,36.3,17.4,23.9,73.1,12.5,33.4,45.9,18.9,14.9,7.2,3.4,5,19.8,20.5,102.8,-5.5,
2005-06,Portland Trail Blazers,82,21,61,48.1,37,78.9,46.8,6.1,15.9,38.1,18.3,24,76,12.5,29.8,42.4,21.2,12.9,7.2,4.9,5.3,20.8,22.3,98.3,9.5,
2005-06,Sacramento Kings,82,44,38,48.4,37.2,82,45.4,5.6,16,35.1,17.2,23.1,74.7,11.6,30.5,42.1,21.1,14.6,8,4.9,3.6,23,20.4,97.3,-1.5,
2005-06,San Antonio Spurs,82,63,19,48.3,33.9,78.3,43.3,3.7,10.8,33.9,17.2,23.3,74,10.8,29.5,40.3,16.3,13.9,7.3,4.2,5.7,20.8,20.9,88.8,-6.8,
2005-06,Seattle SuperSonics,82,35,47,48.4,39,80.4,48.5,6.6,17.6,37.5,20.9,27.5,76,12.2,28.2,40.5,24.1,14.6,7.3,4.9,3.7,22.2,23.6,105.6,3,
2005-06,Toronto Raptors,82,27,55,48.7,38.6,78.6,49.1,6.2,16.6,37.3,20.7,27.6,74.8,10.2,31,41.1,23.6,14.2,6.3,4.4,3.3,22.4,24,104,3,
2005-06,Utah Jazz,82,41,41,48.5,33.3,74.1,44.9,6,15.8,37.8,22.4,30.1,74.6,10.6,27.3,37.9,18.4,14.2,8.1,5.6,6,25.7,24.8,95,2.6,
2005-06,Washington Wizards,82,42,40,48.4,36.8,79,46.5,6.1,16.8,36.3,20.2,27.1,74.5,11.8,30.2,42,21.5,16.2,6.5,4.2,4.1,25.3,22.6,99.8,-1.9,
2004-05,Washington Wizards,82,45,37,48.2,37.8,82.3,45.9,6.4,17.5,36.4,18.9,24.8,76.2,12.4,30.6,43,23,15.9,7.1,5,4.2,24.3,22,100.8,0.3,
2004-05,Utah Jazz,82,26,56,48.2,33.3,72.7,45.8,5.9,15.8,37.5,24.7,32.4,76.4,10.5,27.2,37.7,19.4,14.4,7.9,5.8,4.6,25.1,26.7,97.3,4.3,
2004-05,Toronto Raptors,82,33,49,48.3,38.2,81.8,46.7,5.3,14.9,35.6,19.6,26.4,74.4,12.1,33.2,45.3,22.1,14.4,6.2,4.4,3.9,21.9,22.9,101.4,1.6,
2004-05,Seattle SuperSonics,82,52,30,48.2,35.8,77.8,45.9,5.7,16.1,35.7,19.4,25.9,74.9,11.3,26.5,37.9,20.7,13.2,6.2,4.8,4.1,23.8,23.7,96.6,-2.3,
2004-05,San Antonio Spurs,82,59,23,48.3,33.1,77.5,42.6,3.9,10.7,36.7,18.3,23.8,76.8,10.9,29.3,40.2,16.9,15.1,7.2,5.1,6.6,23.1,20.9,88.4,-7.8,
2004-05,Sacramento Kings,82,50,32,48.4,38.9,84.6,45.9,5.7,16.1,35.7,18.1,24.5,73.8,13.4,30.9,44.3,21.5,14.7,7.6,4.5,3.9,21.5,20.5,101.6,-2.2,
2004-05,Portland Trail Blazers,82,27,55,48.1,37.3,83.4,44.7,5.4,15.6,34.3,17,22.6,75.5,14,28.2,42.2,23.5,13.4,8.5,5,6.6,20.4,20.8,96.9,4,
2004-05,Phoenix Suns,82,62,20,48.2,40.6,91.3,44.5,6,18,33.5,16.1,21.6,74.4,15,31.1,46.1,21.2,13.8,7.6,4.2,5.5,21.3,19.1,103.3,-7.1,
2004-05,Philadelphia 76ers,82,43,39,48.4,35.7,80.7,44.3,6.9,19,36.2,21.5,28,76.7,11.6,32.5,44.1,22.9,17,8.3,4.7,3.9,23.5,22.9,99.9,0.7,
2004-05,Orlando Magic,82,36,46,48.1,37.6,83.2,45.1,5.4,15.7,34.3,21.2,28.1,75.4,12.5,29.6,42.1,21.3,14.5,8.5,4.3,5.4,23.4,23.6,101.8,2.2,
2004-05,New York Knicks,82,33,49,48.5,36.6,78.7,46.5,5.7,15.6,36.4,20.9,27.6,75.6,11.8,29.9,41.7,20.7,14.6,7.3,4.7,3.2,21.2,23.7,99.7,2.4,
2004-05,New Orleans Hornets,82,18,64,48.6,34.7,76.8,45.2,6,16.4,36.7,20,25.9,77.5,11.5,30.3,41.9,21.2,14.2,7.7,5.5,3.8,21.1,23,95.5,7.1,
2004-05,New Jersey Nets,82,42,40,48.5,33,75.2,43.9,5.9,16.1,36.8,20.9,28.1,74.4,10.7,30.5,41.2,20.3,15.6,7.3,4.9,3.8,22.9,24.2,92.9,1.5,
2004-05,Minnesota Timberwolves,82,44,38,48.2,36.2,82.6,43.8,5.7,15.7,36.3,17.2,22.9,75.2,12.6,28.8,41.4,21.7,11.7,6.6,3.9,5.5,19.9,21.6,95.3,-1.5,
2004-05,Milwaukee Bucks,82,30,52,48.2,37.8,81.4,46.4,5.6,16.5,34.3,19,24.7,77.1,11.4,29.4,40.8,23.8,13,7.5,4.5,3.5,23.8,21.9,100.2,3,
2004-05,Miami Heat,82,59,23,48.7,34.9,81.8,42.7,5.4,15.5,34.8,19.8,26,76,11.2,29.2,40.5,19.8,13.2,7.5,3.2,5.8,24.6,22.1,95,-6.5,
2004-05,Memphis Grizzlies,82,45,37,48.1,32.7,75.8,43.2,5.2,14.8,35.1,20.5,26.6,77.1,12.1,29.1,41.2,19.9,15.9,7.5,5.8,5.8,22.6,23.3,91.1,-2.3,
2004-05,Los Angeles Lakers,82,34,48,48.2,38.3,84.5,45.3,6.7,18.6,36.1,18.4,23.5,78,12.5,29.9,42.4,24.4,11.8,7.6,5.1,4.2,22.1,21.9,101.7,3,
2004-05,Los Angeles Clippers,82,37,45,48.9,35.8,80.7,44.4,5.9,16.1,36.8,19,24.9,76.2,12,27.5,39.5,21.1,13.7,7.8,4.8,5.1,23.6,22.2,96.5,0.8,
2004-05,Indiana Pacers,82,44,38,48.5,33.8,76.6,44,4.8,13.1,36.5,20,26.9,74.3,11.9,29.5,41.3,18.8,13.9,6.7,4.9,4.4,23,23,92.2,-0.8,
2004-05,Houston Rockets,82,51,31,48.4,33.2,78.3,42.3,5.5,16.4,33.8,19.2,25.8,74.2,10.9,29.8,40.7,20.7,13.3,7.4,4.1,4.6,21.6,22,91,-4,
2004-05,Golden State Warriors,82,34,48,48.5,38.2,83.4,45.8,5.5,15.1,36.3,19,25.5,74.5,12.9,33.8,46.7,22.7,15.3,7,5.1,5.1,21.7,22.4,100.9,2.2,
2004-05,Detroit Pistons,82,54,28,48.7,34,79.2,43,5,14.8,33.8,16.4,21.8,75.1,11.3,28.3,39.6,19.7,13.8,7.4,4.5,6.1,22.6,20,89.5,-3.9,
2004-05,Denver Nuggets,82,49,33,48.2,36,80.6,44.7,5.6,16.4,34.5,19.9,26.7,74.6,11.9,29.8,41.7,21.7,16.4,7.8,5.6,6,23.9,22.9,97.5,-2,
2004-05,Dallas Mavericks,82,58,24,48.1,35.9,81.9,43.8,5.5,16.7,33,19.5,25.9,75.4,13.1,30.1,43.2,20.9,15.6,7.1,4.9,5.6,23.2,22.3,96.8,-5.7,
2004-05,Cleveland Cavaliers,82,42,40,48.4,35.5,78.6,45.2,5.1,13.7,37.6,19.5,26,75,11.4,28.3,39.8,21.2,14.8,6.7,5.1,5.6,21.6,22.6,95.7,-0.8,
2004-05,Chicago Bulls,82,47,35,48.4,33.7,79.9,42.2,5.1,15.2,33.4,20.9,28.1,74.4,11.9,30.8,42.7,20.9,15.5,8.4,5.3,4.5,23.3,24.7,93.4,-1.1,
2004-05,Charlotte Bobcats,82,18,64,48.5,36.8,79.4,46.3,5.4,14.9,36.1,21.3,27.8,76.7,11.7,31.5,43.2,21.6,15.8,7.6,5.4,5.4,22.7,23.1,100.2,6,
2004-05,Boston Celtics,82,45,37,48.5,36.1,81.3,44.4,6,16.7,35.6,22.3,29.5,75.3,12.7,29.6,42.3,22.7,15.6,8.7,4.9,5.2,23.6,24.4,100.4,-0.9,
2004-05,Atlanta Hawks,82,13,69,48.4,37.1,77.9,47.6,5.7,15,37.9,22.5,29.2,77,11,30.3,41.3,22,14.8,8.7,5.9,4.2,21.7,24.5,102.5,9.7,
2003-04,Atlanta Hawks,82,28,54,48.5,36.2,82.2,44,5.9,16.4,35.8,19.2,25.3,76,12.8,30.3,43.1,22,14,8.9,5.1,5,20.7,22.3,97.5,4.6,
2003-04,Boston Celtics,82,36,46,48.1,35.3,80.8,43.7,6.8,18.7,36.2,19.4,26.3,73.6,13,30.8,43.8,23,17.1,8.8,5,4,22.2,22.4,96.7,1.5,
2003-04,Chicago Bulls,82,23,59,48.4,35.1,80.6,43.6,5.4,15.1,35.5,20.4,27.3,74.8,12.3,32.7,45,23,15.2,8.5,5.4,4.8,20.5,23.3,96,6.4,
2003-04,Cleveland Cavaliers,82,35,47,48.4,36,82.4,43.7,5.3,14.2,37.1,18.2,24.3,74.9,11.8,30.2,42,21.7,13.1,7.7,5.3,6.5,20.2,21.3,95.5,2.6,
2003-04,Dallas Mavericks,82,52,30,48.3,38.2,83.2,45.9,6.5,17.9,36.3,17.8,23.9,74.6,12.3,31.2,43.5,23.6,15.2,7.1,4.7,5.3,20.6,19.6,100.8,-4.4,
2003-04,Denver Nuggets,82,43,39,48.1,36.8,81.2,45.3,4.6,12.9,35.6,17.9,24.6,72.8,12.9,30.1,42.9,23.5,17.1,8.1,5.8,6.3,23.1,22,96.1,-1.1,
2003-04,Detroit Pistons,82,54,28,48.2,32.1,77.8,41.3,4.3,14.4,30.2,15.7,21.1,74.4,12,28.7,40.6,19,16,7.9,5,7,22.9,20.3,84.3,-5.8,
2003-04,Golden State Warriors,82,37,45,48.4,36,80.9,44.5,5,13.5,37.4,17.1,22.9,74.6,12,30.9,42.8,21.5,14,8.1,5.1,4.7,22,20.6,94,0.7,
2003-04,Houston Rockets,82,45,37,48.6,32.1,78.1,41.2,5.6,15,37.2,18.2,24.7,73.7,11.1,28.7,39.7,20.6,13.5,8.7,4.4,5.4,20.7,21.5,88,-1.7,
2003-04,Indiana Pacers,82,61,21,48.3,32.6,75.4,43.2,4,12.4,32.4,16.5,22,75,10.6,29.5,40.1,20.1,15.9,7.1,6.2,5,21.9,20.8,85.6,-5.8,
2003-04,Los Angeles Clippers,82,28,54,48.3,37.5,81.5,46,5.5,15.3,36,18.8,25.4,74.1,12.6,28.8,41.4,22.9,13.7,8.5,5.3,4.6,22.7,22.1,99.4,4.6,
2003-04,Los Angeles Lakers,82,56,26,48.4,35.6,81,44,5.1,15.2,33.7,18,24,74.9,11.2,31.2,42.4,20.8,15.3,7.5,3.8,4.6,24.7,21.1,94.3,-3.9,
2003-04,Memphis Grizzlies,82,50,32,48.5,34.9,79.9,43.6,4.5,13.3,33.8,20,26.2,76.4,13.4,30.6,44,20.4,17,8.2,5.6,6.9,23.1,23.2,94.3,-2.4,
2003-04,Miami Heat,82,42,40,48.2,32.4,75.7,42.8,5.3,15.3,34.3,19.7,25.6,76.8,10.9,30.3,41.2,18.6,14.7,7,5.4,3.8,21.1,22.1,89.7,-0.5,
2003-04,Milwaukee Bucks,82,41,41,48.2,37,81.9,45.2,5.6,15.8,35.2,17.4,23.6,73.9,12,30.7,42.7,22.8,14.2,7.5,5,4.7,22.9,20.3,97,-1.1,
2003-04,Minnesota Timberwolves,82,58,24,48.2,33.4,80.8,41.4,4.8,14.4,33.4,17.4,23.1,75.3,12.2,29.3,41.5,20.7,13.5,6.7,3.6,5.6,20.2,21.1,89.1,-5.5,
2003-04,New Jersey Nets,82,47,35,48.1,32.8,76.9,42.7,5.1,14.5,35,17,22.3,76.1,10.6,30.1,40.8,19.8,16.1,8,4.6,3.9,21.2,21,87.8,-2.5,
2003-04,New Orleans Hornets,82,41,41,48.4,34.7,78.6,44.1,5.4,15.9,34.2,17.2,22.9,75,11.9,30.2,42.1,21.8,15.6,7.5,5.2,4.2,21.1,20.9,92,0.1,
2003-04,New York Knicks,82,39,43,48.5,34,79.2,42.9,5.1,15,33.8,20.5,26.8,76.3,11.6,29.8,41.4,20.4,13.8,8.2,4.7,4.8,19.5,23.1,93.5,1.5,
2003-04,Orlando Magic,82,21,61,48.4,38.6,83,46.6,6,15.9,37.7,17.8,24,74.2,13.1,31.3,44.4,24.4,13.5,7.6,5.5,3.8,20.6,21.3,101.1,7,
2003-04,Philadelphia 76ers,82,33,49,48.4,33.5,77.7,43.2,5.4,16.2,33.3,18,24.2,74.4,12.1,29.2,41.4,21.3,15.2,8.3,5.6,4.4,21.4,20.7,90.5,2.5,
2003-04,Phoenix Suns,82,29,53,48.1,36.3,81.4,44.6,5.8,16.8,34.9,19.5,25.5,76.5,12.7,31.1,43.8,21.5,15.9,7.9,5.3,4.7,19.4,22.7,97.9,3.7,
2003-04,Portland Trail Blazers,82,41,41,48.7,36,80.1,45,5.1,14.9,34.1,14.9,19.7,75.3,12.4,28,40.3,23.3,13.7,8,4.8,5.4,18.7,19,92,1.3,
2003-04,Sacramento Kings,82,55,27,48.2,38.3,84.4,45.4,5,14.7,33.9,16.3,21.7,74.9,13.2,30.7,43.9,21.3,14.9,7.9,5,4,22.2,19.3,97.8,-5,
2003-04,San Antonio Spurs,82,57,25,48.2,31.9,77.9,40.9,3.8,11.6,32.7,16.7,22.5,74.4,11.1,30,41.1,17.3,15.3,7.7,4.6,6.5,22.4,20.3,84.3,-7.2,
2003-04,Seattle SuperSonics,82,37,45,48.3,36.3,80.8,45,5.9,17,34.9,19.1,24.7,77.4,13,29.6,42.7,21.1,14.8,7.7,4.7,4.7,20.2,21.8,97.8,0.6,
2003-04,Toronto Raptors,82,33,49,48.7,33.2,77.6,42.8,3.3,10.8,30.7,18.7,25.1,74.7,12.6,32.5,45.1,18.5,14.6,7.2,4.1,4.9,19.7,21.3,88.5,3,
2003-04,Utah Jazz,82,42,40,48.2,31,71.7,43.2,5.1,14.7,34.3,22.9,29.6,77.1,10.6,26,36.6,18.6,15.4,8.1,6.5,6,24.4,25.6,89.9,1.2,
2003-04,Washington Wizards,82,25,57,48.4,37.3,82.2,45.4,5.2,15.1,34.2,17.6,22.9,77.1,12.8,30.7,43.5,24,16.1,9.6,5.5,5,21.7,20.9,97.4,5.6,
2002-03,Washington Wizards,82,37,45,48.4,35.1,79.4,44.2,5.5,15.1,36.2,16.9,21.9,77.1,11.6,29.8,41.4,21.7,14.3,7.5,4.4,4.8,22,20,92.5,1,
2002-03,Utah Jazz,82,47,35,48.2,33.5,77.4,43.4,5.3,15.3,34.9,19.8,26.1,75.9,12.3,25.9,38.2,19.5,15.9,8.8,5.2,5.7,23.8,22.4,92.3,-2.4,
2002-03,Toronto Raptors,82,24,58,48.3,37,80.4,46.1,4.5,12,37.5,18.2,24,75.9,11.9,31.7,43.6,21.1,13.7,7.4,5,4.8,20.8,21.5,96.8,5.9,
2002-03,Seattle SuperSonics,82,40,42,48.4,35,78.3,44.7,5.8,16.7,34.4,16.5,22.2,74.2,11.4,30,41.5,20.8,14.7,6.1,5,3.6,20.4,20.9,92.3,0.1,
2002-03,San Antonio Spurs,82,60,22,48.4,34.9,81.7,42.7,4.3,12.7,33.9,16.3,21.2,76.8,12.5,28.3,40.9,19,15,8.1,5.1,6.5,23.4,20.4,90.4,-5.4,
2002-03,Sacramento Kings,82,59,23,48.4,36.5,86.9,42,4.5,14.2,32,17.7,23.9,74.1,14,31.9,45.8,21.5,15.4,8.3,4.3,5.6,19.9,20.3,95.2,-6.5,
2002-03,Portland Trail Blazers,82,50,32,48.4,35.9,79.8,45,5.3,15.7,34.1,15.5,20.2,76.4,11.1,28,39.1,22.7,15.5,8.3,4.8,3.9,20.4,19.9,92.5,-2.6,
2002-03,Phoenix Suns,82,44,38,48.3,35.5,81.2,43.8,5.3,16.6,32,18,23.6,76.6,12.6,30.3,42.9,22.2,16,7.8,5.5,4.9,21.5,22,94.4,-1.1,
2002-03,Philadelphia 76ers,82,48,34,48.4,35.1,77.6,45.2,5.5,15.6,35.4,18.9,24.8,76,11.1,29.3,40.3,22.1,17.1,7.8,6.4,3.5,23,22,94.5,-2.3,
2002-03,Orlando Magic,82,42,40,48.3,36.7,80.5,45.5,4.9,14.8,33.4,20.1,26.2,76.7,11.8,31.7,43.5,22.4,16.4,7.8,5,3.7,22.2,23,98.4,-0.1,
2002-03,New York Knicks,82,37,45,48.4,36.1,79,45.7,4.4,12.8,34,20.6,26.7,77.1,11.4,31.9,43.3,21.1,14.4,7.6,3.8,3.1,19.9,23,97.2,1.4,
2002-03,New Orleans Hornets,82,47,35,48.5,34.8,79.5,43.8,4.1,12.2,33.8,18,23.5,76.6,11.1,28.9,40,19.9,14.6,7.9,5.2,4.8,21.4,21.6,91.8,-2.1,
2002-03,New Jersey Nets,82,49,33,48.2,33.6,78.8,42.7,5.2,14.5,35.9,17.7,23.7,74.9,11.4,30,41.4,19.6,16.6,8.5,5.2,4.6,22.9,21.6,90.1,-5.2,
2002-03,Minnesota Timberwolves,82,51,31,48.3,36.6,83.8,43.7,5.8,16.6,34.7,17,22.6,75.2,11.9,29.8,41.7,22.8,13.6,7,4.9,5.3,20.6,20.8,96,-2.1,
2002-03,Milwaukee Bucks,82,42,40,48.5,37.1,81,45.8,5.8,15.6,37.5,19.2,25.8,74.5,12.5,31,43.4,23.1,14.4,6.6,4.1,4.2,20.5,22.2,99.3,-0.2,
2002-03,Miami Heat,82,25,57,48.4,33.1,75.7,43.7,5,14,35.3,19.5,26,75.1,10.6,31.5,42.2,18.1,14.3,7.6,5.3,4,20.4,22.6,90.6,5,
2002-03,Memphis Grizzlies,82,28,54,48.6,39.3,85.5,46,5.3,14.5,36.3,16.8,22.2,75.9,13.7,31.2,44.9,24.3,14.8,8.7,5.2,6.1,21.7,20.5,100.7,3.2,
2002-03,Los Angeles Lakers,82,50,32,48.6,36.3,82,44.3,5.7,14.9,38,19.8,26,76,11.7,30.4,42.1,21.4,14.5,7.9,3.8,5.7,23.4,22.9,98,-2.3,
2002-03,Los Angeles Clippers,82,27,55,48.2,37,82.8,44.7,5.5,15.2,36.5,18.4,23.7,77.4,12.8,30,42.8,22.4,14,8,5.1,5.6,22.5,21.8,97.9,4.1,
2002-03,Indiana Pacers,82,48,34,48.5,34.9,81.6,42.8,5,14.6,34,18.6,24.3,76.7,12.3,30,42.2,20.7,15.3,7.6,6.3,5.4,23.5,22.1,93.3,-3.5,
2002-03,Houston Rockets,82,43,39,48.6,35.3,81.5,43.3,4.7,13.6,34.7,17.1,22,77.5,11.9,28.7,40.6,20.5,13.2,8.1,4.6,6,21.9,19.5,92.3,-1.5,
2002-03,Golden State Warriors,82,38,44,48.2,39.5,87.5,45.2,5.3,14.4,37.2,19.2,25.4,75.6,14.7,29.1,43.8,23.6,13.7,8.7,6,6.2,23.6,21.8,103.6,1.1,
2002-03,Detroit Pistons,82,50,32,48.5,33.5,76.5,43.8,3.5,10.2,34.4,17.2,23.1,74.6,10.5,30.8,41.3,18.3,14,6.9,4.3,5.7,23.2,21.3,87.7,-3.7,
2002-03,Denver Nuggets,82,17,65,48.1,32.9,74.2,44.3,5.1,13.8,37,21.6,28.5,75.7,10.5,29.8,40.3,21.5,17.1,9,6.6,5.1,21.8,25.1,92.4,8.3,
2002-03,Dallas Mavericks,82,60,22,48.2,35.7,81.5,43.8,5.8,17.1,34,18,24.8,72.7,12.7,32.7,45.5,21.7,16.1,6.7,3.9,5.5,21.3,21.1,95.2,-7.8,
2002-03,Cleveland Cavaliers,82,17,65,48.4,37.5,82.8,45.3,5.2,14.6,35.8,20.9,27.1,77.2,11.4,30.4,41.7,24,14.2,9.8,6,6.4,20.8,22.7,101,9.6,
2002-03,Chicago Bulls,82,30,52,48.6,36.5,83.1,43.9,5.3,16.3,32.3,21.9,29.2,74.9,13.6,31.4,45,23.8,14.7,9.4,5,5.6,21.9,24.7,100.1,5.1,
2002-03,Boston Celtics,82,44,38,48.4,34.2,78.7,43.5,5.6,17.1,33.1,19,25.4,74.9,11.4,33.5,45,22.2,16,7.5,4.5,3.7,21.9,21.4,93.1,0.4,
2002-03,Atlanta Hawks,82,35,47,48.5,36.8,84.2,43.6,5.4,15.2,35.9,18.7,24.5,76,13.1,29.5,42.6,21.6,13,9,5,5.8,20.3,21.7,97.6,3.6,
2001-02,Atlanta Hawks,82,33,49,48.2,37.4,81.4,45.9,5.8,16.2,35.5,17.8,23.9,74.4,12.2,30.8,43,22.6,15.1,8.6,6.2,4.3,20.1,20.8,98.3,4.2,
2001-02,Boston Celtics,82,49,33,48.4,34.1,80.2,42.5,6.3,18.4,34,19.7,25.5,77.1,11.6,34.2,45.9,22,16.3,7.6,5.8,3.6,21.1,21.7,94.1,-2.2,
2001-02,Charlotte Hornets,82,44,38,48.2,34.8,80.4,43.2,5.3,14.1,37.5,18.1,23.6,76.8,11.7,29.3,41,20,13.9,7.6,5.1,5.6,20.8,21.3,92.9,-1,
2001-02,Chicago Bulls,82,21,61,48.3,36.9,79.4,46.5,5.1,14.4,35.8,19,25.5,74.6,11.5,31.1,42.6,25.2,14.4,8.3,4.9,4.4,21,22.4,98,8.5,
2001-02,Cleveland Cavaliers,82,29,53,48.4,37.2,81.4,45.7,5.8,14.6,39.4,18.4,24.6,74.8,11.3,29,40.4,24.3,13,7.3,5.6,5.7,20,21.4,98.6,3.3,
2001-02,Dallas Mavericks,82,57,25,48.5,37.7,83.5,45.2,5.5,15.8,35,20,26.6,75.1,13,31.7,44.7,22.7,14.1,7.2,4.6,4.8,21.8,22.5,101,-4.3,
2001-02,Denver Nuggets,82,27,55,48.3,36.6,79.8,45.9,5.2,14.3,36.1,19.5,26.1,74.7,12.1,30.8,43,24,14.3,8.2,6.8,5.6,20.1,22.8,98,5.8,
2001-02,Detroit Pistons,82,50,32,48,35.7,79.8,44.7,4.4,12.1,36.2,16.5,21.8,75.5,12.1,30.6,42.7,20,15.5,7.9,4.1,6.9,22.9,20.7,92.2,-2.1,
2001-02,Golden State Warriors,82,21,61,48.2,39.2,85.3,45.9,4.9,14.2,34.8,19.8,25.9,76.3,13.4,29.9,43.3,24.4,14.3,8.6,6.3,6.4,23.8,23,103.1,5.4,
2001-02,Houston Rockets,82,28,54,48.7,38.9,83.8,46.4,4.5,12.5,36,14.9,19.8,75.2,12.7,30.6,43.3,22.4,12,7,5.1,5.4,20.1,18,97.2,4.9,
2001-02,Indiana Pacers,82,42,40,48.5,36.3,82.9,43.8,5.1,14.6,34.8,18.8,25.1,74.9,12.8,30.7,43.4,21.6,14.3,7.5,5.7,5.3,22.6,22.9,96.5,-0.3,
2001-02,Los Angeles Clippers,82,39,43,48.3,37.5,83.7,44.8,5,14,35.5,16.2,21.7,74.5,13,29,42,22.7,12.9,7.5,5.4,6.6,21.6,19.8,96.1,0.5,
2001-02,Los Angeles Lakers,82,58,24,48.2,35,82.6,42.4,4.9,15.4,31.7,19.2,25.3,76.1,12.4,30.8,43.2,20,14,7.2,4.3,5.8,23,22.2,94.1,-7.1,
2001-02,Memphis Grizzlies,82,23,59,48.2,38,83.3,45.7,4.9,13.6,35.8,16.4,21.8,75.3,13.8,31.2,45.1,23.9,14.7,9.5,5.6,6,21.8,19.2,97.3,7.4,
2001-02,Miami Heat,82,36,46,48.6,32.5,76.6,42.5,4.6,13.5,34.2,19.1,25.9,73.6,10.9,30.3,41.2,17.8,13.8,7.6,4.3,5.5,20.8,22.5,88.7,1.5,
2001-02,Milwaukee Bucks,82,41,41,48.5,36.8,83.5,44.1,6,16.8,35.8,18.2,24,75.7,12.8,29.7,42.5,23,12.9,7.3,4.4,4.7,20,21.8,97.7,0.2,
2001-02,Minnesota Timberwolves,82,50,32,48.3,36.1,81.1,44.5,6,16.1,37.2,17.7,23.9,74.2,11.1,28.4,39.5,22.6,13.4,6.6,5,5.2,20.4,21.2,96,-3.4,
2001-02,New Jersey Nets,82,52,30,48.4,34.9,81.3,42.9,5,14.3,34.8,17.4,23,75.3,12.2,30.7,42.9,19.1,16.1,8.2,5.4,6,20.3,21.1,92,-4.2,
2001-02,New York Knicks,82,30,52,48.3,35.7,80.1,44.5,5.4,15.3,35.3,18.9,25,75.7,11.7,31,42.7,21.5,13.5,8.4,4.7,3.5,20.4,22,95.6,4,
2001-02,Orlando Magic,82,44,38,48.4,38,83.3,45.6,5,14.2,35.2,17.9,24.3,73.7,13.3,32.1,45.4,23.5,15.7,8,4.7,4.7,21.2,20.7,98.9,-1.6,
2001-02,Philadelphia 76ers,82,43,39,48.1,33.8,79.3,42.6,5.3,16.1,33.1,16.5,21.9,75.1,12,28.6,40.6,21.6,14.7,8,5.6,4.4,22.3,20.1,89.4,-1.6,
2001-02,Phoenix Suns,82,36,46,48.4,36.1,81.3,44.4,5.3,14.7,35.8,18.4,24.5,75.1,12.6,30.4,43,22.2,15.4,8.4,5.8,4.9,18.5,21.8,95.8,0.7,
2001-02,Portland Trail Blazers,82,49,33,48.4,36,79.4,45.3,5.7,15.7,36.3,16,21.6,74.1,10.9,28.4,39.2,23.7,14.7,7.5,5,4.5,20.1,19.7,93.7,-3,
2001-02,Sacramento Kings,82,61,21,48.2,38.1,86.7,44,4.7,14,33.7,16,21.5,74.4,13,31.9,44.9,22.4,15.2,7.7,4.7,4.6,22.3,19,97,-7.6,
2001-02,San Antonio Spurs,82,58,24,48.4,35.2,82.6,42.6,4.6,13.5,33.8,15.6,20.1,77.7,12.2,29.6,41.9,18.8,14.5,7.7,5.2,6.5,23.1,19.2,90.5,-6.2,
2001-02,Seattle SuperSonics,82,45,37,48.4,36.2,80.5,44.9,5.8,16.8,34.4,16.6,22.5,73.9,13.3,28.4,41.7,22.3,15.3,6.9,4.9,4.4,19.8,21.1,94.7,-3,
2001-02,Toronto Raptors,82,42,40,48.2,34.4,77.9,44.1,4.6,13.3,34.6,18.5,24.5,75.2,12.1,29.7,41.8,19.9,15.2,7.7,4.8,5.6,19.7,21.6,91.8,0.4,
2001-02,Utah Jazz,82,44,38,48.4,33.9,75.8,44.7,5.7,14.8,38.3,21.7,28.1,77.1,11.3,26.9,38.2,19.3,16.7,9.1,6.7,6.4,25.2,24,95.1,-0.9,
2001-02,Washington Wizards,82,37,45,48.1,36,79.7,45.2,5.1,14.5,35.4,17,22.5,75.5,11.7,29,40.7,22.2,13.4,7,5,4.3,20.9,21.5,94.2,1.4,
2000-01,Washington Wizards,82,19,63,48,37.8,80.4,47,5.3,13.3,39.6,19,25.5,74.7,11.4,29.4,40.7,23.2,15,8.4,6.2,4.7,24.1,23.3,99.9,6.7,
2000-01,Vancouver Grizzlies,82,23,59,48.2,38.3,82.8,46.3,4.7,13.1,36.2,16.1,21.9,73.2,12.8,30.9,43.7,23.6,14.8,8.7,5.8,4.4,21.6,21.1,97.5,5.7,
2000-01,Utah Jazz,82,53,29,48.2,32.5,74.1,43.9,5,14.6,34.3,22.3,29.2,76.5,10.7,26.6,37.3,19.1,16.1,8.5,5.5,5.6,24.5,25.7,92.4,-4.7,
2000-01,Toronto Raptors,82,47,35,48.7,36.7,82,44.7,4.6,12.7,36.3,17.4,23,75.4,11.3,30.6,41.9,20.7,14.1,6.8,5.4,6.3,21.9,21.3,95.4,-2.3,
2000-01,Seattle SuperSonics,82,44,38,48.3,37.5,82.7,45.3,5.7,16.5,34.9,16.5,22.2,74.2,12.8,29.6,42.4,23.9,15,7.9,6.2,5,22.1,21.1,97.3,0,
2000-01,San Antonio Spurs,82,58,24,48.4,34.6,82.6,41.9,4.2,12.7,32.9,15,20.3,74.1,11.8,29.7,41.5,19.7,13.5,7.3,5.2,7,23.7,18.9,88.4,-7.8,
2000-01,Sacramento Kings,82,55,27,49,37.6,87.1,43.2,4.9,13.8,35.5,15.7,21,74.9,13.7,32.2,45.9,22.1,16.3,8.1,5.8,5.3,21.5,19.5,95.9,-5.8,
2000-01,Portland Trail Blazers,82,50,32,48.2,34.4,78.5,43.8,5,13.5,36.8,17.5,23.5,74.4,11.5,27.3,38.8,21.3,14.8,7.9,4,5.1,21.2,21.3,91.2,-4.2,
2000-01,Phoenix Suns,82,51,31,48.3,34,78.3,43.5,4,11.4,34.9,19.7,25.9,76.1,11,31.6,42.6,20.2,17.5,8.3,5.1,5.2,22.2,22.7,91.8,-2.2,
2000-01,Philadelphia 76ers,82,56,26,48.4,35,81.7,42.9,5.2,15.2,34.2,15.2,20.2,74.9,12,28.9,40.9,21.6,15.4,8.2,5.6,5,23.6,20.4,90.4,-4.3,
2000-01,Orlando Magic,82,43,39,48.7,34.5,79.3,43.5,4.5,12.9,34.6,23,31.3,73.5,12.9,31.8,44.8,21.9,17.2,8.5,5.4,5.9,23.7,25.3,96.5,-1,
2000-01,New York Knicks,82,48,34,48.5,31.3,75.1,41.7,5.4,15.4,35.2,18,24.6,73.3,10.6,29.5,40.1,19.2,14.8,7.3,4.1,4.2,21.4,22.7,86.1,-2.6,
2000-01,New Jersey Nets,82,26,56,48.1,35.8,78.7,45.5,5.2,14.5,36,20.3,27.2,74.6,12.2,32,44.2,22.4,15.9,7.5,6.4,5,22,24.2,97.1,5,
2000-01,Minnesota Timberwolves,82,47,35,48.4,36.3,80.3,45.2,4.3,12.1,35.1,19.1,26.4,72.4,11.8,30.5,42.3,22.4,15.2,7.1,4.4,5.6,20.2,23.2,96,-1.4,
2000-01,Milwaukee Bucks,82,52,30,48.2,35.5,80.8,43.9,5.4,15.2,35.2,20.5,26.7,76.8,12.4,30.4,42.7,23,15.5,7.2,4.3,4.7,21.7,23.5,96.9,-3.9,
2000-01,Miami Heat,82,50,32,48.5,32.9,76.4,43.1,4.4,13.3,33.1,16.3,22.2,73.7,11.1,30.8,42,17.3,15.5,7.3,5.2,3.7,22.2,21,86.6,-2.3,
2000-01,Los Angeles Lakers,82,56,26,48.5,36.4,83.1,43.8,5,14.2,35.4,19.5,25.8,75.4,12,29.4,41.3,20.2,13.1,7.5,4,6,24.4,22.8,97.2,-3.4,
2000-01,Los Angeles Clippers,82,31,51,48.9,36.5,82.9,44,4.3,13.1,32.9,18,24.2,74.3,12.7,29.7,42.4,21.8,12.7,7.8,5,6.3,21.9,21.6,95.3,2.9,
2000-01,Indiana Pacers,82,41,41,48.7,34.5,81.5,42.3,4.6,13.7,33.6,19.2,25.3,75.8,12.7,30.4,43.1,20.7,13.6,7.2,4.7,5.9,23,23.5,92.8,0.2,
2000-01,Houston Rockets,82,45,37,48.4,36.8,82.1,44.9,4.4,12.4,35.4,16.9,22.7,74.4,12,29.5,41.6,21.2,13.3,7.4,4.9,4.4,21.6,20.2,94.9,-2.3,
2000-01,Golden State Warriors,82,17,65,48.2,38.8,82.2,47.2,5.4,14.1,37.9,18.6,24.5,76,12.7,32.8,45.5,24.9,16.4,8.8,6,5,21.5,21.1,101.5,9,
2000-01,Detroit Pistons,82,32,50,48.4,36.3,83.5,43.4,5.2,15,34.8,19.5,26.5,73.6,12.3,32.6,44.9,22.7,15.5,8.2,4.8,5.5,25.1,23.8,97.3,1.7,
2000-01,Denver Nuggets,82,40,42,48.2,37.6,84.3,44.6,5.1,14.2,35.6,18.8,25,75.3,12.3,32.2,44.6,24.9,13.1,7.2,6.1,6.6,21.4,22.2,99,2.5,
2000-01,Dallas Mavericks,82,53,29,48.3,35.8,81.6,43.9,4.6,13.9,33.4,19.9,27.2,73.1,13,32,45,21.7,15.5,7.6,4.6,6,22.5,23.3,96.2,-4.3,
2000-01,Cleveland Cavaliers,82,30,52,48.4,35.7,80.3,44.5,5.1,14.1,36.5,19.9,25.9,76.8,12.1,29.3,41.3,22.9,15,8.5,6.6,5.3,22.1,23.2,96.5,4.2,
2000-01,Chicago Bulls,82,15,67,48.4,36.4,77.2,47.2,4.2,11.9,35.6,19.6,26.9,73,11.7,31.1,42.8,23.6,14.8,7.7,5.2,4.6,21.4,23.2,96.7,9.1,
2000-01,Charlotte Hornets,82,46,36,48.5,33.7,79.3,42.6,4.7,13.2,36,17.6,23.3,75.6,10.9,29.7,40.6,21.3,14.7,7.5,4.6,5.5,21.6,21.4,89.8,-2.1,
2000-01,Boston Celtics,82,36,46,48.4,35.8,78,45.9,5.2,14.3,36.8,19.9,26.6,75,10.8,32.3,43.1,23,17.1,7.9,5.4,4.1,23.2,23.8,96.8,2.1,
2000-01,Atlanta Hawks,82,25,57,48.1,35.6,80.6,44.2,4.8,13.2,36.7,20.1,26.3,76.5,12.5,30.9,43.5,21.2,14.8,8.5,6.3,4.7,20.7,22.7,96.2,5.2,
1999-00,Atlanta Hawks,82,28,54,48.4,39.2,86.1,45.5,4.5,12.4,36.7,16.8,21.9,76.9,12.8,30.2,43,23,12.2,8,4.9,5.6,22.3,21,99.7,5.4,
1999-00,Boston Celtics,82,35,47,48.1,36.1,76.9,47,4.4,12.1,36.1,23.5,31.3,75.3,10.5,30.9,41.4,21.9,17,7.8,5.8,3.5,23.5,27.1,100.1,0.8,
1999-00,Charlotte Hornets,82,49,33,48.2,37.2,83.1,44.8,5,13.2,37.8,16.4,22,74.5,11.8,31.1,42.9,23.2,15.8,7.4,5.1,5.9,25.3,20.4,95.8,-2.7,
1999-00,Chicago Bulls,82,17,65,48.3,35.6,78,45.6,4.4,12.8,34.1,18.7,25.2,74.1,12.2,29.5,41.7,23.2,15.2,10.4,5.6,4.7,24,23.3,94.2,9.4,
1999-00,Cleveland Cavaliers,82,32,50,48.4,36.4,82.1,44.3,5.1,15,34.1,22.6,29.1,77.6,12.4,31.5,43.9,23.7,16.9,8,6.1,4.4,25.1,27.1,100.5,3.5,
1999-00,Dallas Mavericks,82,40,42,48.1,39.3,86,45.7,5.2,15.2,34.5,18.1,24.5,74,15.3,33.2,48.4,23.2,16.1,7.4,5.1,5.1,22.1,21.6,102,0.6,
1999-00,Denver Nuggets,82,35,47,48.4,38.2,84.8,45,4.9,13.7,35.4,19.9,26.5,75.1,12.5,31.8,44.3,24.4,14.4,7.5,5.6,7.5,23.6,23.9,101.1,2.1,
1999-00,Detroit Pistons,82,42,40,48.4,38,81.8,46.5,5.6,15,37.1,20.4,27.3,74.6,11.9,30.5,42.4,23.1,17.1,8,4.8,3.3,27.1,24.5,102,-1.4,
1999-00,Golden State Warriors,82,19,63,48.2,38.6,82.6,46.7,5.2,14.2,36.7,21.4,28.4,75.4,13.3,32.8,46.1,24.8,16.3,8.4,6,4.3,23,24.9,103.8,8.3,
1999-00,Houston Rockets,82,34,48,48.4,39.3,86.3,45.6,4.3,12.1,35.4,17.4,22.3,77.9,12.5,29.9,42.4,22.7,13.7,9,5.3,5.3,22.4,20.3,100.3,0.9,
1999-00,Indiana Pacers,82,56,26,48.1,38,85.1,44.6,4,12.3,32.7,16.8,22.2,75.5,12.7,31,43.7,21.2,13.7,7.4,3.9,5.1,23.3,21.8,96.7,-4.6,
1999-00,Los Angeles Clippers,82,15,67,48.1,40,83.9,47.7,5.1,13.1,38.7,18.4,24.9,74.1,12.7,32.9,45.6,24.1,14.3,7.6,4.6,6,21.1,22.2,103.5,11.5,
1999-00,Los Angeles Lakers,82,67,15,48.3,34.6,83.2,41.6,4.5,13.9,32.6,18.5,24.9,74.2,12.3,30.9,43.1,19.5,14.6,7.6,4.2,6.5,25.6,22.5,92.3,-8.5,
1999-00,Miami Heat,82,52,30,48.4,33.9,80.4,42.2,5,13.8,36.1,18.4,24.7,74.8,11.9,28.5,40.4,19.3,14,7.6,4.4,6.4,21.9,23.7,91.3,-3.1,
1999-00,Milwaukee Bucks,82,42,40,48.4,37,81,45.7,6.5,16.5,39.1,20.5,27.3,75.2,12.6,28.9,41.5,24.2,15.9,7.8,4.1,4.6,22.8,24.6,101,-0.2,
1999-00,Minnesota Timberwolves,82,50,32,48.5,35.7,80.2,44.5,4.6,13,35.6,20,26.6,75.2,11.2,29.8,40.9,21.2,15,7.2,4.2,5.4,20.5,23.3,96,-2.5,
1999-00,New Jersey Nets,82,31,51,48.4,38.1,82.2,46.4,4.5,12.4,36.3,18.3,24.5,74.7,13.8,32.4,46.2,22.6,16.7,6.9,5.7,4.8,22.8,23.3,99,1,
1999-00,New York Knicks,82,50,32,48.4,33.1,78,42.4,4.9,14.6,33.8,19.6,26.3,74.7,11.3,29.8,41.1,19.6,14.2,7.4,4.3,4.3,21.9,24.2,90.7,-1.5,
1999-00,Orlando Magic,82,41,41,48.2,37.5,84.4,44.5,5.3,15.6,33.8,19.1,25.7,74.5,13.3,30.2,43.5,24.3,18.1,8.8,5.8,5.7,24.5,24,99.4,-0.7,
1999-00,Philadelphia 76ers,82,49,33,48.4,35,80.4,43.5,5.1,14.3,35.6,18.4,24.4,75.5,13,30.5,43.5,22.3,17.6,7.7,6.5,4.7,24.1,23.6,93.4,-1.3,
1999-00,Phoenix Suns,82,53,29,48.3,34.5,81.3,42.4,4.9,14,35.2,19.9,26.9,73.9,13.1,30.1,43.1,20.7,17.3,8.9,5.2,5.3,21.9,24.1,93.7,-5.2,
1999-00,Portland Trail Blazers,82,59,23,48.2,34.5,80,43.1,4.8,14.6,33,17.3,24.2,71.6,11.9,27.1,39,20.8,14.5,8,4.3,4.8,22.8,22.7,91,-6.4,
1999-00,Sacramento Kings,82,44,38,48.3,39.9,88.3,45.2,4.8,13.7,35.3,17.5,23.3,75.1,13.9,33.7,47.6,23.8,17.5,9.2,4.9,4.6,23.7,21.1,102,-2.9,
1999-00,San Antonio Spurs,82,53,29,48.4,35.2,82.7,42.5,4.3,12.6,34.3,15.6,21,73.9,12,29.4,41.4,20.3,14.4,7.9,5.2,6.7,23.1,20.9,90.2,-5.9,
1999-00,Seattle SuperSonics,82,45,37,48.2,38.2,84.6,45.1,5.4,15.8,34,16.4,21.9,74.8,13.2,31.8,45.1,23.6,15.3,7.2,5.3,4.2,22.4,21.7,98.1,-1,
1999-00,Toronto Raptors,82,45,37,48.2,36.6,80.7,45.4,4.2,12.5,33.9,19.9,26,76.4,11.7,31.1,42.8,21.8,15.2,6.8,5.3,6.6,22.9,24.3,97.3,0.2,
1999-00,Utah Jazz,82,55,27,48.2,33.9,76.1,44.6,4.7,13.4,35.4,19.5,26.1,74.6,10.8,27.3,38.1,19.8,15.5,7.2,5,5.4,24.7,24.5,92,-4.5,
1999-00,Vancouver Grizzlies,82,22,60,48.4,38.2,80.6,47.4,4.4,13.2,33.3,18.7,24.3,76.9,11.8,28.5,40.3,23.6,15,8.8,6.3,4.2,23.3,22.9,99.5,5.6,
1999-00,Washington Wizards,82,29,53,48.3,36.6,79.8,45.9,4.8,12.8,37.1,21.8,29.3,74.4,11.7,29.5,41.2,21.9,14.9,8.4,6.1,4.7,24,26.2,99.9,3.3,
,,,,,,,,,,,,,,,,,,,,,,,,,,,
,,,,,,,,,,,,,,,,,,,,,,,,,,,
,,,,,,,,,,,,,,,,,,,,,,,,,,,